"25 Lb Olympic 2"" Weight Plates Set of 2 50lbs Total- Brand New Excellent Quality",$146.95,"FAST 'N FREE



				Guaranteed by Tue. Jul. 14 | 

 See details",$146.95,https://www.ebay.com/itm/25-Lb-Olympic-2-Weight-Plates-Set-of-2-50lbs-Total-Brand-New-Excellent-Quality/133449655977?hash=item1f123826a9:g:vlUAAOSw3iRe9qgw:sc:USPSPriority!20120!US!-1
"New! 255lb Olympic Weight Set, 2 of each: 45, 35, 25, 10, 2.5 & 4 5lbs Plates",$799.99,$249.99,$1049.98,https://www.ebay.com/itm/New-255lb-Olympic-Weight-Set-2-of-each-45-35-25-10-2-5-4-5lbs-Plates/153996127881?hash=item23dae26e89:g:lQIAAOSw~6Be5xCv
5lb Olympic Weight Plates Set 20 Lbs Total-Barbell 2‚Äù Brand New Excellent!,$76.94,"FAST 'N FREE



				Guaranteed by Tue. Jul. 14 | 

 See details",$76.94,https://www.ebay.com/itm/5lb-Olympic-Weight-Plates-Set-20-Lbs-Total-Barbell-2-Brand-New-Excellent/133449660263?_trkparms=ispr%3D1&hash=item1f12383767:g:JqYAAOSwlIVe9qqA:sc:USPSPriority!20120!US!-1&enc=AQAFAAACcBaobrjLl8XobRIiIML1V4Imu%2Fn%2BzU5L90Z278x5ickkBUIiHwYv5YgVss0WaiENz1kVlbVyKaHaujUEt3273jDceqxBb37DLtJf28NhGaafe3cM44gHaa1La2vCcUoqizrZOGZbLbopQisOyrcAECcphCl48DZh0OX%2BZ%2Br0DNZ10y1YT5tZ2z%2Fd2PYdSr6r%2F2iIcnx3lmz558nIvzVBvHIPWoTWVP8j1a6zc22%2FnJ3W1hprf4p3IueT3nmIWu8c8rYpBDH6QTPliRwcSWw8u9t9Yd15rSyxKsVb1nd4I2DHEUA5Z7CFXVWN5Za%2BAo4N6%2FS58%2FUcwt7JCLtZ0Xo465XUGRqWeHsqTH%2BGGHNlVs4M4UlnWBPHlGi98h8Lqzi9pCGP3F4RHPuUqdIdIA%2FwrilOQkjGRRfO45j%2FIcmfGlCCUAGjJnSET9KJVvn3hTMtWmigjv2IeMn2um7hnVIqdFEYAk9RT75Vuey8HJH1AcvIhNt9tXROCCBmdUin2djekIuqlmGwaBdMX84I1U95Mu%2B2C8zYEVWuXlCloX00O7qIXSOdnw0Jyx1UPaAZvIdPju5855jIS6aloP9fyKj2iNPZ1kVp49yIScKwlhUan69%2BmfPBZbJ3Ddg8%2BFytBXldtOVRI3BFxCk4UcPuKQnfp2AJ4GArpixdzfJRFoshKt8VUxp%2Bp4CF65FRKRGE8aOc9MMaPdrFzdzsV%2FWbsyhtzRS%2FUDID5iB8OUCBupSHxJc3cSg5evGaM7QX8mIHSraI%2FqrNO%2BiMegwT1lqQ52eMzAZCAYyrHq72zhZUbP08U31eKC5UpZzjDNxK48IAikMwTg%3D%3D&checksum=133449660263e9ace1ef055a4965925b7f81169fe0f5
CAP 50 LB Olympic Plate Weight Set (2) 25 lb Olympic Plates FAST SHIPPING!!!,$95.00,"Calculate
Varies based on location and shipping method",$95.0,https://www.ebay.com/itm/CAP-50-LB-Olympic-Plate-Weight-Set-2-25-lb-Olympic-Plates-FAST-SHIPPING/114262304704?hash=item1a9a9067c0:g:CBoAAOSwMq5e0C7R
35 Lb Olympic weight Set,$78.00,$20.05,$98.05,https://www.ebay.com/itm/35-Lb-Olympic-weight-Set/143650451030?hash=item21723bee56:g:i1AAAOSwFIJfAkry
"NEW Set of 2 Fitness Gear 45 lb 2"" Olympic Weight Plates (90 lb total) Cast Iron",$234.99,$34.50,$269.49,https://www.ebay.com/itm/NEW-Set-of-2-Fitness-Gear-45-lb-2-Olympic-Weight-Plates-90-lb-total-Cast-Iron/324222102281?hash=item4b7d24ab09:g:0SIAAOSw8Lhe3Vml
Set of Four CAP 10 LB Olympic Plate Weights *NEW*,$114.99,"FAST 'N FREE



				Guaranteed by Wed. Jul. 15 | 

 See details",$114.99,https://www.ebay.com/itm/Set-of-Four-CAP-10-LB-Olympic-Plate-Weights-NEW/353131161572?epid=2254339465&hash=item523841e7e4:g:licAAOSwtVpe4BQx
"Olympic Weight Plate Set. 40 lb total. WEIDER 2"" GRIP PLATE- PROMPT SHIPPING",$160.00,FREE,$160.0,https://www.ebay.com/itm/Olympic-Weight-Plate-Set-40-lb-total-WEIDER-2-GRIP-PLATE-PROMPT-SHIPPING/193560398874?hash=item2d11194c1a:g:52UAAOSwKThe8Tko
üí™üèºüî•Cap 110 LB Olympic Weight Set Cast Iron Platesüî•üí™üèº,$399.95,FREE,$399.95,https://www.ebay.com/itm/Cap-110-LB-Olympic-Weight-Set-Cast-Iron-Plates/254620928651?hash=item3b48970a8b:g:h~YAAOSwv2le32i0
ETHOS 205 lb. Olympic Rubber Bumper Plate Weight Set - Ready to ship,$804.99,$285.00,$1089.99,https://www.ebay.com/itm/ETHOS-205-lb-Olympic-Rubber-Bumper-Plate-Weight-Set-Ready-to-ship/233624836960?epid=2256084483&hash=item3665201b60:g:ok0AAOSwZcJen1v9
"5 lb, 10 lb Olympic 2‚Äù Weight Plate Set Fitness Gear NEW IN STOCK READY TO SHIP!",$119.99,"Calculate
Varies based on location and shipping method",$119.99,https://www.ebay.com/itm/5-lb-10-lb-Olympic-2-Weight-Plate-Set-Fitness-Gear-NEW-IN-STOCK-READY-TO-SHIP/143652011716?hash=item217253bec4:g:7uUAAOSw9rpfBSE4
"10 Pound Olympic 2"" Plate Set 2 X 10 lbs Weights Dumbbell 20 Lbs Total CAP",$64.99,"FAST 'N FREE



				Guaranteed by Wed. Jul. 15 | 

 See details",$64.99,https://www.ebay.com/itm/10-Pound-Olympic-2-Plate-Set-2-X-10-lbs-Weights-Dumbbell-20-Lbs-Total-CAP/133456904515?hash=item1f12a6c143:g:vT0AAOSw1elfAKYO
35 LB Olympic 2'' Barbell Weight Plates Set of 2 Weights 70lbs Total New CAP,$219.00,FREE,$219.0,https://www.ebay.com/itm/35-LB-Olympic-2-Barbell-Weight-Plates-Set-of-2-Weights-70lbs-Total-New-CAP/363043942548?hash=item54871af094:g:0tMAAOSwUzpfB3WH
(4) Fitness Gear Olympic Weight 5LB Iron Plates 2 Sets Weight 20 LB Ships Fast!,$79.99,FREE,$79.99,https://www.ebay.com/itm/4-Fitness-Gear-Olympic-Weight-5LB-Iron-Plates-2-Sets-Weight-20-LB-Ships-Fast/203037313177?hash=item2f45f78899:g:JaMAAOSwdzte8-A-
300lb Olympic Weight Set - Ready To Ship - Fitness Gear,$949.99,$324.99,$1274.98,https://www.ebay.com/itm/300lb-Olympic-Weight-Set-Ready-To-Ship-Fitness-Gear/153984678098?_trkparms=ispr%3D1&hash=item23da33b8d2:g:d1QAAOSwKm9e5uKf&enc=AQAFAAACcBaobrjLl8XobRIiIML1V4Imu%2Fn%2BzU5L90Z278x5ickkxGz2ccqatkEnoeekHqhLkbEhrZJE9QBwZprljlt83JifYFn1MfrdNb45S7TSNJVsahOvyjZNrL%2B6uTV%2BOqdKmTcGHeHfPcWTunpfAQW9U0%2BmjBt5NLXgINr4Zkz3%2BIQPtcc%2FSzKR%2BjT3%2Bi8Wv2vWLsj%2FReBeYwcI9dNofBH7g6aZX9MS7Xszma2JjdCITNy%2BtpE0N0BubNfUpq1Unhy44aJAVYwEk8DvloXU4FecvG46JuK50ffR8sqQ7VTLmfQhG5%2BmrXjM%2BssDrN84nhvmNhkFZ7CU30neODxHpA%2FS1d5VyFYzzt7NcOqqxZDPRF%2BaOWT5t0M7EMW6iLXPhJvBp4Hf3y4OlnFpSs7dbf5%2FvaV8NM8BSXiiJE6XhON48ZPg%2FY0QVJeQ7hzBL2O1JTdBaKILo3iF2KxuS2PvhA1UJcFBubdbfJvZ2YZOsycNwznyIubHjTO%2B345oteRkHvxMUVmt%2Fu7k2%2B4BSJArIqZRW36hxTjIMdCQvfAiTRn3GuLOGQxS%2FFTg6cCDznVambQYO08A2vOCE33WH9NRUci%2FSz8Pl7rwuP3Un4B%2FioRR2Ybz3qTxIbQ9OZaiFkxCFY4Dw0m7hU1YXrmxsi3uJJk6Dyzb5Nx7VJpOKcCII%2FRfo8SWlkQPzxUGnAzb%2Fd%2F3gVrOMaDMn83cWqJNQNguENh8o55fmCGzG9fj53cCvS4SIRW%2BN9Xqqju2JvrVhVvAjofGkD4UNgGrDVl8OzFzCfZtWzxznxsSFUHEd62aJNs%2BtnClpRWvLe3gNneJiHGZfwG1pQ%3D%3D&checksum=153984678098e9ace1ef055a4965925b7f81169fe0f5
2 √ó 10lb Weider Olympic Plates Grip Set 20 Lbs Total Weight Barbell 2‚Äù Hole,$63.98,FREE,$63.98,https://www.ebay.com/itm/2-10lb-Weider-Olympic-Plates-Grip-Set-20-Lbs-Total-Weight-Barbell-2-Hole/164282753432?_trkparms=ispr%3D1&hash=item264003e198:g:vFAAAOSwPJZfBpPQ&enc=AQAFAAACcBaobrjLl8XobRIiIML1V4Imu%2Fn%2BzU5L90Z278x5ickkfOCvCjTOBWK8pwriaolq5s%2FtZ%2FOOWxbNZdG3Hls2TgPZN4wHU3FkbXBS9WBav7cqnMbLQCO5vGNlxXVDIoOW61QToyMpZooTKmKd8YpUJCudxWXCCQrfsJaEn8aL0PCKIJMyPiTwvSWEzbaNfCjs2r4tLap0Vu%2BXrNGF5wX4v0pvyPYbYeWiU4ydgxbKvMaDDyEID%2F6cGr3KdVlC0OEhQiJuCHZ0puTkgLhsVyo%2BVl29IWwUetJKggQ%2Fq5BIWAPdG0OQ3IXvzDG%2BVa3gEjOc7NSBlnXr9SRGwMDyCHemta5%2BnhwfqEPR87Lgur%2BhVXGCYZHjLhuFxAgfC9lYp4sTNwtVp3xoM88hmV4GiqP4AnaB6JeKuvgE4gi0QGzM1S3%2FFYIyEhGOO%2B6aZQKls7qyjFVQYMor0q1E8%2FmmIvmarSyAd5m69d%2F1Op%2BIFwvo7uxIoKwjiN0B0GLCa9BVzNX8ldGVOPXcojyzy4WziObBlXHjjh7%2FXn%2BOPDZ341Ta88G1qQXYsySusx9yFPzxwDoULe54ZUbf5FUbqIPDce3oDLiiVGP89%2FmRjViC62SPPzX63U4iTGQZoK4APQ%2BNNEH7AGh9fMttIyabQYLosOiDoU%2FEWhO3V5wviy1N5b5hMnjrOReynb0GrGhXu68HDADXgnQkq0wNmUna85FNxfN8yOQ0AsI1IUa2dViHkx%2FeVucVQjPlf%2FLBwHUjNljGvZbF3FJZGACLsaw4YM2n2ufGMGxZIpLCyJ3YqRycgnSoZUwS2Y6yrHWZEagkaeyHF6f2Yw%3D%3D&checksum=164282753432e9ace1ef055a4965925b7f81169fe0f5
Gold's Gym  Olympic Grip Weight Plate Set - Pair of 25lbs,$43.00,"Calculate
Varies based on location and shipping method",$43.0,https://www.ebay.com/itm/Golds-Gym-Olympic-Grip-Weight-Plate-Set-Pair-of-25lbs/174339513888?epid=21011371098&hash=item289771de20:g:f3MAAOSw5EVfAlnH
Cap Barbell Olympic Weight Set 110 lbs Pounds BRAND NEW SHIPPING NOW FAST,$299.00,"Calculate
Varies based on location and shipping method",$299.0,https://www.ebay.com/itm/Cap-Barbell-Olympic-Weight-Set-110-lbs-Pounds-BRAND-NEW-SHIPPING-NOW-FAST/174343657358?hash=item2897b1178e:g:9swAAOSwBf1fB0tK
CAP 50 Lb Set Of Olympic Weight Plates NEW IN BOX,$61.00,$65.10,$126.1,https://www.ebay.com/itm/CAP-50-Lb-Set-Of-Olympic-Weight-Plates-NEW-IN-BOX/184354808045?hash=item2aec6720ed:g:vccAAOSwX09e3ohs
"Pendlay Metal Olympic Change Weight Plates (1 Pair) .5 KG, 1 KG, 2 KG - 7 KG Set",$49.99/ea,FREE,$49.99,https://www.ebay.com/itm/Pendlay-Metal-Olympic-Change-Weight-Plates-1-Pair-5-KG-1-KG-2-KG-7-KG-Set/402311232345?hash=item5dab9e3b59:g:lr4AAOSwVmJe-mEN
CAP 50 Lb Set Of Olympic Weight Plates NEW IN BOX,$66.00,$65.10,$131.1,https://www.ebay.com/itm/CAP-50-Lb-Set-Of-Olympic-Weight-Plates-NEW-IN-BOX/184354808647?hash=item2aec672347:g:XwMAAOSwX2xe3oqb
"New CAP 50LB Olympic Weight Plate Set (2) 25LB Plates Cast Iron 2INCH, FAST SHIP",$159.99,"FAST 'N FREE



				Guaranteed by Wed. Jul. 15 | 

 See details",$159.99,https://www.ebay.com/itm/New-CAP-50LB-Olympic-Weight-Plate-Set-2-25LB-Plates-Cast-Iron-2INCH-FAST-SHIP/383619185654?_trkparms=ispr%3D1&hash=item59517c3bf6:g:o2cAAOSwI9le541U&enc=AQAFAAACcBaobrjLl8XobRIiIML1V4Imu%2Fn%2BzU5L90Z278x5ickkxFtV7J5P58ubuVigtBH%2Fex%2FafMNypr85DMZwDU%2BHzqz4tJIdYKksfTCy1OLCgjRGnohft9oDLBcdKnN093txqKrRHgKaRG00lOdCcaVTU8q%2FMr3Iuhi5BrSDyf8%2FUUk%2BCa%2FWxi5WHKaS6BVRq3Jcz0rYR1FpnfPZ%2BxjjUDcN%2BwI%2FRRHL9RHAGumz11t%2Fo2eHLoSLfceT8dtfWCfYgO4tZbfwI%2Fnz87Be07vmy0uf0%2BjmyfmMffUk%2BjrwJWJFYI3%2F2ruvL6GLzsZXRhiDMcvqauWnqx80T%2FjwU%2Flg%2Bt2hN3zgLCk7Y2U5pi%2FfuigucYO7B9RNjmp7kUhcTBg4lhfb%2Fk17kqclIAIGpVMBBeJNqSZ4n4jUZNOjqT78F6f%2F2vTdVp%2B5KdHw5MdhfF918vqdaJAw%2BFqfYxLg2TBDcSgxMMWIup7ukvvI89DtawWVyXCPh7Nf6%2BdZqwfb3PBzmKyYmRzQy1ns7JIF00CNcQnala5vi6acJsJYk0iixAA%2ByYnRinZuL2iQA1E9ifNuWr8bpFSjMo4GLfVqQeAHR6%2BJJ%2FiGRoZenIUqVIQobJlh1%2FKEWX%2B4UW7yGaOoQ9opLkRmEDwm5PB56csWm%2F0Qprw7vYvYrEyHu6X4gCDA6qcouHtctLvaiZ2BZY4SXmCDl8bOge6QPk0UJg7ByVAve3yT1YumQgKtPP7vWHaa4kbVvNn0fSe2crwjXG0BexlZ6RURzJaWhND5HxsOqPpJ9BpAi%2F2dKqxaBJC%2FPq%2FrYUuRLXQu1Jm1ZLV9QXTv2GKvCghBoA%3D%3D&checksum=383619185654e9ace1ef055a4965925b7f81169fe0f5
"NEW Set Olympic Weight Plate 10lb, 5lb, 2.5lb- Total 45lb (8 plates)- Cast Iron",$202.00,"FAST 'N FREE



				Guaranteed by Wed. Jul. 15 | 

 See details",$202.0,https://www.ebay.com/itm/NEW-Set-Olympic-Weight-Plate-10lb-5lb-2-5lb-Total-45lb-8-plates-Cast-Iron/283941891299?hash=item421c416ce3:g:2-4AAOSwRc9fBgcm
50 LB Weight Set|6 Plates|CAP OLYMPIC|TOTAL 50 LBS,$200.00,FREE,$200.0,https://www.ebay.com/itm/50-LB-Weight-Set-6-Plates-CAP-OLYMPIC-TOTAL-50-LBS/274387686057?_trkparms=ispr%3D1&hash=item3fe2c7d2a9:g:ePEAAOSwoTJer7PW&enc=AQAFAAACcBaobrjLl8XobRIiIML1V4Imu%2Fn%2BzU5L90Z278x5ickkY3FSd4Ad8xn3oRtkVexxrE5lFOTaE5zKQFNm%2BNjHDFScbIuFtotAggso8loz0tumGcidJt4TXieAl1hHUkPtDks4kLvuD5PMx9vjIkHIgfqeLcHVSKGSh8O%2BOmed2fWQaBdqfyMkpS4HfxZaUna4hxfMZEXep%2F61AB2y5KLkfLf%2B8%2F7cS3XwqxKuTtF09N%2Fvm3pZDpNLokJU3NqEE4SLtP8DBJFT5zCU0ducPKEGOSOdjnREMd1OjQH6pi0zEEFexGSsa12UOGTWfQYKnAEpjjnleyu5tfryXgQGUHKhGFeZlvwdzWJNzPDw5W13qEUFAuwxPwo%2Fek9h6y4t3O8YUZD2T6JjNuRvYCpfXQQzTqWe8gnHfAiBSZ8FEHxPHZqlQusK%2BmvEaPw158lhfEnfgGKSaotGckQwDGFeHzNNTHZPpNcqkEQiLl0hIEy9bOIxnfHhnDpdD%2FK%2FB%2BR2XKOlDQ8j7yMxuPQWWW8FCEmE%2FzDireXNhy6q%2BSxVLbyaa8mWVl9zL1m5JvmmTttAyAQLWJsDBlIB6is%2FuebDnYdE1TasShDk2K6hObiwWaRkf3V7IMO05tkc1Xi52uRy%2Fx9VW4loB5JgzmzKdy69sAgwLv%2FjtuCV%2BrEtHTPR8e9AKs96xS%2FFQoupQSl0vh%2Bn8PVuMuHDV10VB%2FJtfmzasc5t5sQ9BmQLjllqBNMXhh6px51I4webpEfh3pS%2FNDly4OYN7bPeEX1NfdsRywGrMsZG%2B3na6WYB5uQEVEHyVqBeA%2BktvMTOafpcI7gKxYZtHDqWQQ%3D%3D&checksum=274387686057e9ace1ef055a4965925b7f81169fe0f5
"Weider 10 lb Set 40lbs Total Barbell Olympic Weight Plates 2"" 10lb x 4 plates",$100.00,$20.00,$120.0,https://www.ebay.com/itm/Weider-10-lb-Set-40lbs-Total-Barbell-Olympic-Weight-Plates-2-10lb-x-4-plates/233638580187?hash=item3665f1cfdb:g:0ycAAOSwUpxe~mYb
"4 X 10 lb Pound Grip Barbell Weights Plates CAP 2"" Olympic Pair Lifting New Set",$165.00,"FAST 'N FREE



				Guaranteed by Wed. Jul. 15 | 

 See details",$165.0,https://www.ebay.com/itm/4-X-10-lb-Pound-Grip-Barbell-Weights-Plates-CAP-2-Olympic-Pair-Lifting-New-Set/224074066463?hash=item342bdaea1f:g:g8sAAOSwOPVeo6Wn
45lb Olympic Weight Plates Set Pair- 90lb Total- Brand New- Excellent Quality ,$156.95,"Calculate
Varies based on location and shipping method",$156.95,https://www.ebay.com/itm/45lb-Olympic-Weight-Plates-Set-Pair-90lb-Total-Brand-New-Excellent-Quality/133425573293?hash=item1f10c8adad:g:oMYAAOSwR3le06La
üî•CAP 2 25 Pounds lbs 2‚Äô‚Äô Olympic Weight Plate Set Barbell Weights 50 lbs Total,$129.50,"FAST 'N FREE



				Guaranteed by Tue. Jul. 14 | 

 See details",$129.5,https://www.ebay.com/itm/CAP-2-25-Pounds-lbs-2-Olympic-Weight-Plate-Set-Barbell-Weights-50-lbs-Total/164251996605?hash=item263e2e91bd:g:1ZoAAOSwzGZe6DPr
300 lb. Fitness Gear Olympic Weight Set With Clamps Brand New Sealed,$999.00,FREE,$999.0,https://www.ebay.com/itm/300-lb-Fitness-Gear-Olympic-Weight-Set-With-Clamps-Brand-New-Sealed/264775130099?epid=12037804621&hash=item3da5d3dbf3:g:os4AAOSw3Ate9Ais
"Brand New 25 lb Olympic Weight Plates Fitness Gear (Set of 2, 50 lbs Total)",$175.00,FREE,$175.0,https://www.ebay.com/itm/Brand-New-25-lb-Olympic-Weight-Plates-Fitness-Gear-Set-of-2-50-lbs-Total/373109568176?hash=item56df1032b0:g:NYcAAOSws8de~hct
New 5 Lb CAP Olympic weight Plates Set Of 2 (10 Lbs Total Weight) 2‚Äù Hole,$40.00,"FAST 'N FREE



				Guaranteed by Wed. Jul. 15 | 

 See details",$40.0,https://www.ebay.com/itm/New-5-Lb-CAP-Olympic-weight-Plates-Set-Of-2-10-Lbs-Total-Weight-2-Hole/124254279661?hash=item1cee21d7ed:g:zicAAOSwkJJfB37B
Set of 2 x 45lb Olympic Rubber Bumper Plates Pair Ethos Barbell Weights,$398.00,$100.00,$498.0,https://www.ebay.com/itm/Set-of-2-x-45lb-Olympic-Rubber-Bumper-Plates-Pair-Ethos-Barbell-Weights/143651965455?hash=item2172530a0f:g:u~EAAOSw6dle-vbt
"10 Lb Weider Olympic 2"" Weight Plates Set of Four (4) 40 Lbs Pounds - Hammertone",$149.95,FREE,$149.95,https://www.ebay.com/itm/10-Lb-Weider-Olympic-2-Weight-Plates-Set-of-Four-4-40-Lbs-Pounds-Hammertone/324221368468?hash=item4b7d197894:g:x5YAAOSw0itfBbq~
"CAP Pair Set 5LB Olympic Cast Iron 2"" Weight Plates (10LB Total) 5 Lb",$44.99,FREE,$44.99,https://www.ebay.com/itm/CAP-Pair-Set-5LB-Olympic-Cast-Iron-2-Weight-Plates-10LB-Total-5-Lb/293642127116?hash=item445e6f470c:g:1k8AAOSwubtfByTd
XMark Black Diamond 300 lb Olympic Weight Set With 7‚Äô Bar - High Quality - New,"$1,075.00",$300.00,$1375.0,https://www.ebay.com/itm/XMark-Black-Diamond-300-lb-Olympic-Weight-Set-With-7-Bar-High-Quality-New/143636883488?hash=item21716ce820:g:R7EAAOSwMmpe1xUz
New CAP 50 Lb Olympic Weight Set Pair (4) 10 Lb Plates (2) 5 Lb Plates Cast Iron,$95.00,"Calculate
Varies based on location and shipping method",$95.0,https://www.ebay.com/itm/New-CAP-50-Lb-Olympic-Weight-Set-Pair-4-10-Lb-Plates-2-5-Lb-Plates-Cast-Iron/114262305971?hash=item1a9a906cb3:g:~7QAAOSwb9Reztni
Xmark Rubber Coated 300 lb Olympic Weight Set With 7‚Äô Bar - New,"$1,025.00",$300.00,$1325.0,https://www.ebay.com/itm/Xmark-Rubber-Coated-300-lb-Olympic-Weight-Set-With-7-Bar-New/143638085288?hash=item21717f3ea8:g:vZQAAOSwhl1ew2Lo
CAP 110 LB Olympic Weight Set Similar to Golds Gym Cast Iron Plates üí™ Fast Ship,$218.88,"Calculate
Varies based on location and shipping method",$218.88,https://www.ebay.com/itm/CAP-110-LB-Olympic-Weight-Set-Similar-to-Golds-Gym-Cast-Iron-Plates-Fast-Ship/164231737441?hash=item263cf97061:g:E9IAAOSwT9Je2Q8f
300 lb Olympic Weight Set with 45 Pound Barbell  üèãÔ∏èüí™ - BRAND NEW!!,$900.00,$250.00,$1150.0,https://www.ebay.com/itm/300-lb-Olympic-Weight-Set-with-45-Pound-Barbell-BRAND-NEW/193550877457?_trkparms=ispr%3D1&hash=item2d10880311:g:vy0AAOSwaKFe~2Qg&enc=AQAFAAACcBaobrjLl8XobRIiIML1V4Imu%2Fn%2BzU5L90Z278x5ickkfKe2vUidqHRg3XM2X2xOVBNQ%2FWEarNG4xo3VqOxqOmyKJRl60Q95YVZbYg9MsT5MxrbvYvoV6VQNLic6l9jmKtUmyDu0WojSVApuf6HaMVWchZpW2giePAMhCYImCAAKQptv57eCMrDTMgMtT5pkcbOANTZqLQZOhXVkRyOanxe8EUMpt4iajMG5dZUstE%2Byt3BhhP%2FUMHOIWZreSzQzkz2A2x%2BekiCU4CwQ%2BaqJRSxN3dLYUnYXUrsaPBYkgVVuz0cL0QcNHtxyeRfbXpE6JbUn0frUFpPFS%2FaD7qYsjtc3CFRokEGzdBW4h%2FcURqdBj3fzcFXIvs6%2FoqeybALGUTTkRH8SLyrVsj5Q3rTCghxHvXlGKL9SZo%2BwVLmzannQBTGechVpXby0dF%2BBEbyxUS0DISSWyESZ0Wl7qcWsXqyanXd5gI7zCKQjPopKd93HMMBNDVTHRH%2BszHG9NPKX7YpcK1ZIsn606XegdB8Ve4da%2FCfbv64SPjYKkUgZpdSqgDDrquJ9mpAeRXovU1OiVJr9NGu4Dp0Qw%2F%2B3AxTkHf1kZHsC4EkHbr9XrTQx2%2FVedIU%2BY%2FJl56EKmKQizAwQE9KOO2oLvhBOjQTPga2hUT7hmq7e9lK7AlnXoGJooHCW0c22VTEZRNU5Bs5paf%2BHDrEZqXRNgZDUsdCcvujrnAUUFdEAQLrZTcrM5idAtNtWT%2FRJQai00InjwchUvGU12fXcUJe3YzsSlN5KOip9NM22PSJ7rqohlVpwipjKuGvKcuiy5Vj5IwvLCu5gmrxUGA%3D%3D&checksum=193550877457e9ace1ef055a4965925b7f81169fe0f5
CAP 35 lbs x2  Olympic Weight Plates (Set) 35 Pound x 2 (70 Total) 2‚Äù Barbell,$219.00,"FAST 'N FREE



				Guaranteed by Tue. Jul. 14 | 

 See details",$219.0,https://www.ebay.com/itm/CAP-35-lbs-x2-Olympic-Weight-Plates-Set-35-Pound-x-2-70-Total-2-Barbell/203043971218?epid=663158793&_trkparms=ispr%3D1&hash=item2f465d2092:g:j0IAAOSws41fAd7P:sc:FedExHomeDelivery!20120!US!-1&enc=AQAFAAACcBaobrjLl8XobRIiIML1V4Imu%2Fn%2BzU5L90Z278x5ickkrmmq8hWevtuKE7%2F%2BLfVXtm6x%2BXSGzk0mhbQTuPotlZRc6Dczm2HrTnGazSJmQ0x99BI%2B%2FETJenfluoEzSlVsHflUJUwd556s6xsL0Js%2FbX6DJZXCCl9C%2FQJFjw85W6Cdqaruvm2rAbiomHUySSpvIewF%2F53hYWY8u7liVbJzhIVMX9H1xT6%2BEh97DiCG4HIAKTOJ%2Fmiih%2Fgae0srQdlDe%2FBaO0eS9T9g23UYz7oZ2ClB%2B%2Bda1qL%2FEpQ%2B8BbgWbrb9BLczh6vtfRPkDdGtpbZ5QRfhZI3ZDlbIOfBiH8by0j9gFKClQIZ%2FHNOzGr7oMwci8ScYzlXEJlubgoXDfliL1oEHA1pmQheinFquh4U%2BIrkP%2F3SWoLPcChVCoSxKwCZQayccl2PS2pL11ySdAgQjTW1bgbcIOq2oaSkVisse7fC%2FScArrIumO7WvkP5vX15F%2BB5rslNQfWFZN3o7k0tINa4rB1gLrtypMWEqfsZ21DU6BXyEFKb9CGAEJxgsp7%2Bh2FUH8rP5sAslMSJWvxPRGuM7CZAe6JaszLPyw3%2FqvHnfOGXhIpLXxnXBmsgF6XFRxYMOMOpRdvUFiasvPEZEuzhHrv6DjTzZVJlSWITWUfaCPPhbgkcs0jKS7t0VWNxGy9pWlxI6hVMc%2Bz5%2FYxEeV7oC%2FejTbrz%2FAovGfnKdoTm8lmBHvKHnfBzuLsuQwz4ZsWgMuXIAb%2FMMS60o5VlD9tJPqURDEcwM78DA63rrmf%2FYisVYSR9Aru3hJOd8vUENSyDWeVDts%2FZbUI%2FNSQOcg%3D%3D&checksum=203043971218e9ace1ef055a4965925b7f81169fe0f5
Set of Iron Grip Olympic Urethane Weight Plates - 655 Lb - SHIPPING NOT INCLUDED,"$2,299.98","Freight - Read the item description or contact the seller for details

 | 

 See details",$2299.98,https://www.ebay.com/itm/Set-of-Iron-Grip-Olympic-Urethane-Weight-Plates-655-Lb-SHIPPING-NOT-INCLUDED/301723996733?hash=item464026d23d:g:aPIAAOSw4ytezAQw
50 lb Olympic Weight Set - (10) 5 lb Olympic Cast Iron Grip Plates - CAP BARBELL,$215.00,FREE,$215.0,https://www.ebay.com/itm/50-lb-Olympic-Weight-Set-10-5-lb-Olympic-Cast-Iron-Grip-Plates-CAP-BARBELL/193557024540?hash=item2d10e5cf1c:g:7AEAAOSwol9fA8Cv
Olympic Weight Vulcan Strength Steel Calibrated Weight Set 15kg Pair Brand New¬†,$300.00,"Calculate
Varies based on location and shipping method",$300.0,https://www.ebay.com/itm/Olympic-Weight-Vulcan-Strength-Steel-Calibrated-Weight-Set-15kg-Pair-Brand-New/313124806586?hash=item48e7b15fba:g:dO8AAOSw7P1e8o~V
Not 300 lb Weight Set but ETHOS 205 lb. Olympic Rubber Bumper Plate Set,$800.00,$250.00,$1050.0,https://www.ebay.com/itm/Not-300-lb-Weight-Set-but-ETHOS-205-lb-Olympic-Rubber-Bumper-Plate-Set/153984745581?hash=item23da34c06d:g:UjUAAOSwNp1ephwG
300 lb Olympic Weight Set with 7 foot Bar Weider Local Pick Up And Shipping,$650.00,$300.00,$950.0,https://www.ebay.com/itm/300-lb-Olympic-Weight-Set-with-7-foot-Bar-Weider-Local-Pick-Up-And-Shipping/114291136548?hash=item1a9c485824:g:4yIAAOSwwFlfAl6-
NEW Set of 2 x 25lb Olympic Rubber Bumper Weight Plates (50 lbs total),$249.90,"Calculate
Varies based on location and shipping method",$249.9,https://www.ebay.com/itm/NEW-Set-of-2-x-25lb-Olympic-Rubber-Bumper-Weight-Plates-50-lbs-total/143639516721?hash=item2171951631:g:47oAAOSw6nhe8v-L
Set of Iron Grip Olympic Urethane Weight Plates - 605 Lb - SHIPPING NOT INCLUDED,"$2,099.98","Freight - Read the item description or contact the seller for details

 | 

 See details",$2099.98,https://www.ebay.com/itm/Set-of-Iron-Grip-Olympic-Urethane-Weight-Plates-605-Lb-SHIPPING-NOT-INCLUDED/301920922971?hash=item464be3ad5b:g:dlcAAOSwL1dctnGL
CAP 50 LB Olympic Plate Weight Set (2) 25 lb Olympic Plates FAST SHIPPING!!!,$125.99,$18.50,$144.49,https://www.ebay.com/itm/CAP-50-LB-Olympic-Plate-Weight-Set-2-25-lb-Olympic-Plates-FAST-SHIPPING/164283413670?hash=item26400df4a6:g:a68AAOSwRK9fBziu
CAP Barbell Olympic Weight Set |110 LBS with Plates| IN HAND - FREE SHIPPING,$419.99,FREE,$419.99,https://www.ebay.com/itm/CAP-Barbell-Olympic-Weight-Set-110-LBS-with-Plates-IN-HAND-FREE-SHIPPING/164230462096?hash=item263ce5fa90:g:i5EAAOSw4B9e1~aB
"Set (x2) of 35lb TSA Olympic Weight Plates, 70lbs total, Easy Grip, Iron 2"" hole",$129.00,"Free Local Pickup


 | 

 See details",$129.0,https://www.ebay.com/itm/Set-x2-of-35lb-TSA-Olympic-Weight-Plates-70lbs-total-Easy-Grip-Iron-2-hole/254647279477?hash=item3b4a291f75:g:cskAAOSw7y1fBT5P
CAP Barbell Olympic 110 lb Weight Set with Plates Collars & Bar Fast Free Ship!,$349.00,FREE,$349.0,https://www.ebay.com/itm/CAP-Barbell-Olympic-110-lb-Weight-Set-with-Plates-Collars-Bar-Fast-Free-Ship/154001270315?hash=item23db30e62b:g:JcoAAOSw2pFe7lkI
NEW! ETHOS 205 lb. Olympic Rubber Bumper Plate Weight Set - Ready to ship ,$850.00,$285.00,$1135.0,https://www.ebay.com/itm/NEW-ETHOS-205-lb-Olympic-Rubber-Bumper-Plate-Weight-Set-Ready-to-ship/303610466284?hash=item46b0980fec:g:AEQAAOSwGope-4sB
Not 300 lb Weight Set but ETHOS 205 lb. Olympic Rubber Bumper Plate Set,$699.00,$439.00,$1138.0,https://www.ebay.com/itm/Not-300-lb-Weight-Set-but-ETHOS-205-lb-Olympic-Rubber-Bumper-Plate-Set/193562553261?hash=item2d113a2bad:g:WP0AAOSwpUlfB2te
Xmark Olympic Weight Plates Set,$999.99,$250.00,$1249.99,https://www.ebay.com/itm/Xmark-Olympic-Weight-Plates-Set/193510259325?hash=item2d0e1c3a7d:g:lO4AAOSwhele4WqE
2 10Lb Weider Olympic Plates Set 20 Lbs Total Weight Barbell 2‚Äù Hole,$65.00,FREE,$65.0,https://www.ebay.com/itm/2-10Lb-Weider-Olympic-Plates-Set-20-Lbs-Total-Weight-Barbell-2-Hole/184357468139?hash=item2aec8fb7eb:g:s4kAAOSwAClfBLx6
"CAP Barbell With Olympic Weight Set, 110 LBs",$249.99,"Free Local Pickup


 | 

 See details",$249.99,https://www.ebay.com/itm/CAP-Barbell-With-Olympic-Weight-Set-110-LBs/153990302924?hash=item23da898ccc:g:NhcAAOSww2he3FtC
Weider International Olympic Weight Set 2 inch 44lb 33lb 22lb 11lb 220 lbs,$900.00,$400.00,$1300.0,https://www.ebay.com/itm/Weider-International-Olympic-Weight-Set-2-inch-44lb-33lb-22lb-11lb-220-lbs/133439491995?hash=item1f119d0f9b:g:hEwAAOSwnKJe58Er
New Cap 110 Lb Olympic Weight Set Weights Included,$343.99,"Calculate
Varies based on location and shipping method",$343.99,https://www.ebay.com/itm/New-Cap-110-Lb-Olympic-Weight-Set-Weights-Included/392835444826?_trkparms=ispr%3D1&hash=item5b76d1305a:g:K3sAAOSw8Xpe4oU4&enc=AQAFAAACcBaobrjLl8XobRIiIML1V4Imu%2Fn%2BzU5L90Z278x5ickkyMJZWL%2BqFSgQ3TOOe%2FNr7qFcqupi4zVpRDf%2B1BZnV2GE7Ao17nn9Lv17a23fKCozX4b1cUvcavPGsFctpJKYj1gmvl%2B1GSyQ6PjztSoPZuHpzBs1eH2VhrIVy%2BJd2dT9BpTgdx9Bh0lKgWjbbRQUB89hjDuAn2AYZcTBYgFTsTtCfWqsw8Bsady5Z2ghjouOvWRvibTGqmPyFcAoh9EqbPfUCP%2FDt3MKQDvOvq2YHc%2FDJuJ%2Bu%2BxcgW97i1ZeoeH%2BvZkopLJxhsTzO6wc7B1z%2FIstj1Hzd0aMXByTFFtuX9xE0YUxvOQHyFG4fRps4tUZNWaKajhe72MdaChIaDkg2pKiNGWVOg4Pz%2BhNscOPh9BQ%2B91TJD1pZ6d2a0MxB%2B1sF9FF4UfBJ6Bb6QSJrQMPIs24u29Zoca4DlqhhRgWAF8X7%2B7XVX7qtjJ6ezY3IlwIa3KO%2BAWhKMEp9b5gaVY%2FL9FByg1PEK%2FJKCRuZ5jFBm81Q3%2Fwp%2BAuQyfQB%2Ff6mU7XbpjvVP3WQPeZWkdZ6JO0W8o9XG77geUK5Vk31ztQUK7DR4KgaqvhC78f2E1KNQH4DhSzChWjd37T1KTOZma2XE9KoKBZMPBvJaqNQZVgULu%2B6cIAPeW%2BagbDlMJflwi7o%2BRX2RrkPz%2BMyveXMiuRjR%2FVdyTObL%2BVJFFcE3%2FtabQOYWO2ecTk83xc65p18sArM1JOIQenRePBywio%2F7qtgu%2F4jbv2QTVshmRmQrRZd2XPNgFZI9n%2BzTEx7RfUxtHUEl1zeyJtDJBxV3NbHo8nGA%3D%3D&checksum=392835444826e9ace1ef055a4965925b7f81169fe0f5
"Vangurdfit Olympic Fractional Weight Plate Set - 5 LB, 8 Pcs (1, 3/4, 1/2, 1/4)",$34.99,FREE,$34.99,https://www.ebay.com/itm/Vangurdfit-Olympic-Fractional-Weight-Plate-Set-5-LB-8-Pcs-1-3-4-1-2-1-4/264705085943?_trkparms=ispr%3D1&hash=item3da1a711f7:g:dBwAAOSw2uhenJF0&enc=AQAFAAACcBaobrjLl8XobRIiIML1V4Imu%2Fn%2BzU5L90Z278x5ickkXKoKcbeZcOrOku%2BoOBl%2BS7T75kDeQ7XhyS8ydiCJFIUpCInraL%2Fe%2Fh5pQjHLiWuwxL2UipjJG%2BPMVFcX95aDMJZtJxBX962%2FCSABmER6oAKxbbPwu6lhfC9X%2B%2BatBwv%2BaeXoU4BZ3VOYe7VkKuvRQWx5h9lMiLYJOHyudwCviMlf%2F8f0bbQU87OdtWcjOIFCVRhf6ooCZhzsLoFKUhlnvRjqY2eW6iCsMujx904%2FhlwZePjpqa3F2Oj3tuw%2BbIbGLRioDlja8i7vl%2FIrAHUancUVMnpI3HMjhCs2FrxsS3GeZZzlVdciOQ%2F8H57RI1D81KaCho7RLUdyk0%2BQuPH348fRMPXOcz6V%2F9cQyMWvR1uLv4qX%2BTT0mxbyEBx7HKP9wSs1zcEDpUBfEGwG6%2BEj48QJ5IdtTk0wyxCsHkEQTzgIw1nVaidIsmihwV8gm9qXvVv8FB4LteKHqunR%2F3zBUlkEMF%2Fdioz71x2pfqDnLqtduDQMwuPZGeDQb4euFUFUTBboJzmXtU%2F1xAomLCFtOssic5h%2B%2F%2B6oQ5Zc6gSQ62HNY96gCJx5PHYzVNhumDAjFW6ojTfX5J1nIzXWj%2BfaHZrzBB600RGvAHP9VkB%2BqCk85%2FJxbry3p%2BxaSPCW5HxgESwfpYcKorioqOXvsKONdYPxsM%2FA5f5VKjMJG9YY5YmWt8r6j5MU2owL4He7yr%2Bo3ytiDHibWs%2BPDM6gODFR2gg1eo528X43ih1TmthhYPfQvFSUlW5IchrherEz%2BiY4dPWDDrjEXGw3FBfMVvnjew%3D%3D&checksum=264705085943e9ace1ef055a4965925b7f81169fe0f5
"25 Lb Olympic 2"" Weight Plates Set of 2 50lbs Total- Brand New Excellent Quality",$146.95,"FAST 'N FREE



				Guaranteed by Tue. Jul. 14 | 

 See details",$146.95,https://www.ebay.com/itm/25-Lb-Olympic-2-Weight-Plates-Set-of-2-50lbs-Total-Brand-New-Excellent-Quality/133449655977?hash=item1f123826a9:g:vlUAAOSw3iRe9qgw:sc:USPSPriority!20120!US!-1
"New! 255lb Olympic Weight Set, 2 of each: 45, 35, 25, 10, 2.5 & 4 5lbs Plates",$799.99,$249.99,$1049.98,https://www.ebay.com/itm/New-255lb-Olympic-Weight-Set-2-of-each-45-35-25-10-2-5-4-5lbs-Plates/153996127881?hash=item23dae26e89:g:lQIAAOSw~6Be5xCv
CAP 50 LB Olympic Plate Weight Set (2) 25 lb Olympic Plates FAST SHIPPING!!!,$95.00,"Calculate
Varies based on location and shipping method",$95.0,https://www.ebay.com/itm/CAP-50-LB-Olympic-Plate-Weight-Set-2-25-lb-Olympic-Plates-FAST-SHIPPING/114262304704?hash=item1a9a9067c0:g:CBoAAOSwMq5e0C7R
5lb Olympic Weight Plates Set 20 Lbs Total-Barbell 2‚Äù Brand New Excellent!,$76.94,"FAST 'N FREE



				Guaranteed by Tue. Jul. 14 | 

 See details",$76.94,https://www.ebay.com/itm/5lb-Olympic-Weight-Plates-Set-20-Lbs-Total-Barbell-2-Brand-New-Excellent/133449660263?_trkparms=ispr%3D1&hash=item1f12383767:g:JqYAAOSwlIVe9qqA:sc:USPSPriority!20120!US!-1&enc=AQAFAAACcBaobrjLl8XobRIiIML1V4Imu%2Fn%2BzU5L90Z278x5ickkBUIiHwYv5YgVss0WaiENz1kVlbVyKaHaujUEt3273jDceqxBb37DLtJf28NhGaafe3cM44gHaa1La2vCcUoqizrZOGZbLbopQisOyrcAECcphCl48DZh0OX%2BZ%2Br0DNZ10y1YT5tZ2z%2Fd2PYdSr6r%2F2iIcnx3lmz558nIvzVBvHIPWoTWVP8j1a6zc22%2FnJ3W1hprf4p3IueT3nmIWu8c8rYpBDH6QTPliRwcSWw8u9t9Yd15rSyxKsVb1nd4I2DHEUA5Z7CFXVWN5Za%2BAo4N6%2FS58%2FUcwt7JCLtZ0Xo465VCEQ%2BI%2F%2FwCYCy64HV%2Fhzes76mUDok5J8R4pxJeIz7M06dMapkRyag%2Fm4KH1qpQ4qdInCOjHiWYepfzgKcLCwO2dKtZmc5ZjBaw%2FwP5U8xwFwrN22QHDNeKJ3G7fWQdlp%2BakhTFsS5ARpMqFtXQUjAOoav78TcRZrg5d0I9Xzi%2BsVEG8vFKCI%2BB4VxpKIlRtxcNI0DK0iL1%2FN3RyRX2gFhwBSk4kX8bMQ7UhQm98KJ1KPTbt2RWDU%2Fe9cb4ubAfDyVuEKYnPTKPriwuim59V6R5zd6tyneIepOc96pwA2IQ05aLH%2Bs%2BHIscvFMeg1EwvZUVrkbk1wkb66fK0n%2BQr%2FO7ALoxxftXqgrqkVFVABxwtda6YmtCrVlVcXG6I6AY7U92b7Knqe3aSoFFwnOSm1Ww8maHxyPz8%2FgVwEyHvo%2FOO1uCPOhe1yoEfDzWYfGCnvSr1dog8azKKxXRo2Q8vcsVE9f6vVYLI906Bc%2BDuwheNA%3D%3D&checksum=13344966026339661de75f484c09afccfa05ebba3634
35 Lb Olympic weight Set,$78.00,$20.05,$98.05,https://www.ebay.com/itm/35-Lb-Olympic-weight-Set/143650451030?hash=item21723bee56:g:i1AAAOSwFIJfAkry
"NEW Set of 2 Fitness Gear 45 lb 2"" Olympic Weight Plates (90 lb total) Cast Iron",$234.99,$34.50,$269.49,https://www.ebay.com/itm/NEW-Set-of-2-Fitness-Gear-45-lb-2-Olympic-Weight-Plates-90-lb-total-Cast-Iron/324222102281?hash=item4b7d24ab09:g:0SIAAOSw8Lhe3Vml
Set of Four CAP 10 LB Olympic Plate Weights *NEW*,$114.99,"FAST 'N FREE



				Guaranteed by Wed. Jul. 15 | 

 See details",$114.99,https://www.ebay.com/itm/Set-of-Four-CAP-10-LB-Olympic-Plate-Weights-NEW/353131161572?epid=2254339465&hash=item523841e7e4:g:licAAOSwtVpe4BQx
"Olympic Weight Plate Set. 40 lb total. WEIDER 2"" GRIP PLATE- PROMPT SHIPPING",$160.00,FREE,$160.0,https://www.ebay.com/itm/Olympic-Weight-Plate-Set-40-lb-total-WEIDER-2-GRIP-PLATE-PROMPT-SHIPPING/193560398874?hash=item2d11194c1a:g:52UAAOSwKThe8Tko
ETHOS 205 lb. Olympic Rubber Bumper Plate Weight Set - Ready to ship,$804.99,$285.00,$1089.99,https://www.ebay.com/itm/ETHOS-205-lb-Olympic-Rubber-Bumper-Plate-Weight-Set-Ready-to-ship/233624836960?epid=2256084483&hash=item3665201b60:g:ok0AAOSwZcJen1v9
35 LB Olympic 2'' Barbell Weight Plates Set of 2 Weights 70lbs Total New CAP,$219.00,FREE,$219.0,https://www.ebay.com/itm/35-LB-Olympic-2-Barbell-Weight-Plates-Set-of-2-Weights-70lbs-Total-New-CAP/363043942548?hash=item54871af094:g:0tMAAOSwUzpfB3WH
"5 lb, 10 lb Olympic 2‚Äù Weight Plate Set Fitness Gear NEW IN STOCK READY TO SHIP!",$119.99,"Calculate
Varies based on location and shipping method",$119.99,https://www.ebay.com/itm/5-lb-10-lb-Olympic-2-Weight-Plate-Set-Fitness-Gear-NEW-IN-STOCK-READY-TO-SHIP/143652011716?hash=item217253bec4:g:7uUAAOSw9rpfBSE4
"10 Pound Olympic 2"" Plate Set 2 X 10 lbs Weights Dumbbell 20 Lbs Total CAP",$64.99,"FAST 'N FREE



				Guaranteed by Wed. Jul. 15 | 

 See details",$64.99,https://www.ebay.com/itm/10-Pound-Olympic-2-Plate-Set-2-X-10-lbs-Weights-Dumbbell-20-Lbs-Total-CAP/133456904515?hash=item1f12a6c143:g:vT0AAOSw1elfAKYO
üí™üèºüî•Cap 110 LB Olympic Weight Set Cast Iron Platesüî•üí™üèº,$399.95,FREE,$399.95,https://www.ebay.com/itm/Cap-110-LB-Olympic-Weight-Set-Cast-Iron-Plates/254620928651?hash=item3b48970a8b:g:h~YAAOSwv2le32i0
(4) Fitness Gear Olympic Weight 5LB Iron Plates 2 Sets Weight 20 LB Ships Fast!,$79.99,FREE,$79.99,https://www.ebay.com/itm/4-Fitness-Gear-Olympic-Weight-5LB-Iron-Plates-2-Sets-Weight-20-LB-Ships-Fast/203037313177?hash=item2f45f78899:g:JaMAAOSwdzte8-A-
300lb Olympic Weight Set - Ready To Ship - Fitness Gear,$949.99,$324.99,$1274.98,https://www.ebay.com/itm/300lb-Olympic-Weight-Set-Ready-To-Ship-Fitness-Gear/153984678098?_trkparms=ispr%3D1&hash=item23da33b8d2:g:d1QAAOSwKm9e5uKf&enc=AQAFAAACcBaobrjLl8XobRIiIML1V4Imu%2Fn%2BzU5L90Z278x5ickkxGz2ccqatkEnoeekHqhLkbEhrZJE9QBwZprljlt83JifYFn1MfrdNb45S7TSNJVsahOvyjZNrL%2B6uTV%2BOqdKmTcGHeHfPcWTunpfAQW9U0%2BmjBt5NLXgINr4Zkz3%2BIQPtcc%2FSzKR%2BjT3%2Bi8Wv2vWLsj%2FReBeYwcI9dNofBH7g6aZX9MS7Xszma2JjdCITNy%2BtpE0N0BubNfUpq1Unhy44aJAVYwEk8DvloXU4FecvG46JuK50ffR8sqQ7VTLmfQhG5%2BmrXjM%2BssDrN84nhvmNhkFZ7CU30neODxHpA%2FS1d4E6OKslNhe0o7QaaY9sKZkIJf%2FwxBGTxk%2ByO4VTkx84T%2B6DrjGS9YPSF1fA6LNNMlgvTxYBpgUnVQI4wNCIzmCzFdOKGzOH3Pb0X4aT3khMKC1kzE2lqP7EyweyZW8cIlquNQl%2F3ZNTc9tQ%2Bz074RdGsl4NB22ng8Do7oPzuytKCauB3qZhROzpPnowovgJtWFjDFGp5OF5agCIyhDSqrTs2MRlXEyckYEsV%2F8PJ93sW9N48fWFByiVAnsSX4%2F1CwbLa9M692XxCXS9QR7utR067PxqOMbQEUcPuRtBFn3%2BZjilGpAFFc2SOREO0L1cbqPtR9bKYRHUN%2BW3axdltl5sUfOiHQu3XRJGrN4fP3dUDCg1uVeH8lz2%2FdN7BGv01nxNn5n4tCL0FoVked7iGJMtOf7EPNuuPj1u49PoDrCpxZBwe7RVwUtWroXfJJezUAH4jSkbzaCdAXHY2RTJr1TuU39yXoIjbZf2YSqDPnFIw%3D%3D&checksum=15398467809839661de75f484c09afccfa05ebba3634
2 √ó 10lb Weider Olympic Plates Grip Set 20 Lbs Total Weight Barbell 2‚Äù Hole,$63.98,FREE,$63.98,https://www.ebay.com/itm/2-10lb-Weider-Olympic-Plates-Grip-Set-20-Lbs-Total-Weight-Barbell-2-Hole/164282753432?_trkparms=ispr%3D1&hash=item264003e198:g:vFAAAOSwPJZfBpPQ&enc=AQAFAAACcBaobrjLl8XobRIiIML1V4Imu%2Fn%2BzU5L90Z278x5ickkfOCvCjTOBWK8pwriaolq5s%2FtZ%2FOOWxbNZdG3Hls2TgPZN4wHU3FkbXBS9WBav7cqnMbLQCO5vGNlxXVDIoOW61QToyMpZooTKmKd8YpUJCudxWXCCQrfsJaEn8aL0PCKIJMyPiTwvSWEzbaNfCjs2r4tLap0Vu%2BXrNGF5wX4v0pvyPYbYeWiU4ydgxbKvMaDDyEID%2F6cGr3KdVlC0OEhQiJuCHZ0puTkgLhsVyo%2BVl29IWwUetJKggQ%2Fq5BIWAPdG0OQ3IXvzDG%2BVa3gEjOc7NSBlnXr9SRGwMDyCHemta5jyn7J0jjBNPoDeF8m65E3UmH5ne8xViuCJ2Zlp%2FHVql1oQ4U9eT6RWBe7EjLVYMaOYwHyQf2bjoYaj%2FOBjFEhNxrMZaGMeTw3ABVj0jid4QUtsq2cdDAUVSJcDqgjxx8jHdEMVsqegMGe1VHqOhE54FGyc%2FSNJcqYPQjYQ1KVTWcUvs%2B%2BPo5giQaMfpdX%2Fs8RwU%2BBEu1xxX6JrWeTqKxYS%2FXJvXxRBajvXeJhBRl35eMEq2ADi9lYVUoTkn0SgMTPX8OO9mhwbZoe2wMd0CqP1uw0fpnLpsMu5jr2pEGiGw72qHlu1MirxrRrkUMTNbnV3aeU7A9%2B3DQn75N4mkDxKxGaFHTzwTPRjKzdC3MJpAVc3abI14Fa6H%2FdRVLt0pjxejsXPa30M6nvSTBzO%2BE7VtJF6sRfcTUlY9NXw%2FSjw7WxrpNGRszAPWNEHQi8vEfPEhRFIsPEJ7dCAIDtroaXFqzzThI5QG%2BvgPY%2F64ifuA%3D%3D&checksum=16428275343239661de75f484c09afccfa05ebba3634
"NEW Set Olympic Weight Plate 10lb, 5lb, 2.5lb- Total 45lb (8 plates)- Cast Iron",$202.00,"FAST 'N FREE



				Guaranteed by Wed. Jul. 15 | 

 See details",$202.0,https://www.ebay.com/itm/NEW-Set-Olympic-Weight-Plate-10lb-5lb-2-5lb-Total-45lb-8-plates-Cast-Iron/283941891299?hash=item421c416ce3:g:2-4AAOSwRc9fBgcm
Cap Barbell Olympic Weight Set 110 lbs Pounds BRAND NEW SHIPPING NOW FAST,$299.00,"Calculate
Varies based on location and shipping method",$299.0,https://www.ebay.com/itm/Cap-Barbell-Olympic-Weight-Set-110-lbs-Pounds-BRAND-NEW-SHIPPING-NOW-FAST/174343657358?hash=item2897b1178e:g:9swAAOSwBf1fB0tK
Gold's Gym  Olympic Grip Weight Plate Set - Pair of 25lbs,$43.00,"Calculate
Varies based on location and shipping method",$43.0,https://www.ebay.com/itm/Golds-Gym-Olympic-Grip-Weight-Plate-Set-Pair-of-25lbs/174339513888?epid=21011371098&hash=item289771de20:g:f3MAAOSw5EVfAlnH
CAP 50 Lb Set Of Olympic Weight Plates NEW IN BOX,$61.00,$65.10,$126.1,https://www.ebay.com/itm/CAP-50-Lb-Set-Of-Olympic-Weight-Plates-NEW-IN-BOX/184354808045?hash=item2aec6720ed:g:vccAAOSwX09e3ohs
"Pendlay Metal Olympic Change Weight Plates (1 Pair) .5 KG, 1 KG, 2 KG - 7 KG Set",$49.99/ea,FREE,$49.99,https://www.ebay.com/itm/Pendlay-Metal-Olympic-Change-Weight-Plates-1-Pair-5-KG-1-KG-2-KG-7-KG-Set/402311232345?hash=item5dab9e3b59:g:lr4AAOSwVmJe-mEN
"4 X 10 lb Pound Grip Barbell Weights Plates CAP 2"" Olympic Pair Lifting New Set",$165.00,"FAST 'N FREE



				Guaranteed by Wed. Jul. 15 | 

 See details",$165.0,https://www.ebay.com/itm/4-X-10-lb-Pound-Grip-Barbell-Weights-Plates-CAP-2-Olympic-Pair-Lifting-New-Set/224074066463?hash=item342bdaea1f:g:g8sAAOSwOPVeo6Wn
"New CAP 50LB Olympic Weight Plate Set (2) 25LB Plates Cast Iron 2INCH, FAST SHIP",$159.99,"FAST 'N FREE



				Guaranteed by Wed. Jul. 15 | 

 See details",$159.99,https://www.ebay.com/itm/New-CAP-50LB-Olympic-Weight-Plate-Set-2-25LB-Plates-Cast-Iron-2INCH-FAST-SHIP/383619185654?_trkparms=ispr%3D1&hash=item59517c3bf6:g:o2cAAOSwI9le541U&enc=AQAFAAACcBaobrjLl8XobRIiIML1V4Imu%2Fn%2BzU5L90Z278x5ickkxFtV7J5P58ubuVigtBH%2Fex%2FafMNypr85DMZwDU%2BHzqz4tJIdYKksfTCy1OLCgjRGnohft9oDLBcdKnN093txqKrRHgKaRG00lOdCcaVTU8q%2FMr3Iuhi5BrSDyf8%2FUUk%2BCa%2FWxi5WHKaS6BVRq3Jcz0rYR1FpnfPZ%2BxjjUDcN%2BwI%2FRRHL9RHAGumz11t%2Fo2eHLoSLfceT8dtfWCfYgO4tZbfwI%2Fnz87Be07vmy0uf0%2BjmyfmMffUk%2BjrwJWJFYI3%2F2ruvL6GLzsZXRhiDMcvqauWnqx80T%2FjwU%2Flg%2Bt2hN3xDozxH4kcUl75tZw%2BdZ5%2F9mQTTACjBhwCDHWHIuZhbNXiT%2FC8d7kgr22JW9RG%2BNhuCTUQNCInXa7m6cggwIfd3HwmfDuDYcibYBv7lb3GUQpR8x6K6GtFp724oMTBuRFNJknFQ%2Feh%2FDwO%2BDuxNsszn8Z3TyZjx7F5o3s%2B2MOJzK%2B0xgWBE%2BJPknLrdcCKxgRG%2FAXQkIuu%2B607eMOEk2L6vtRgZENdtYiUjvVC5hj9bluiFWxtZ2qxEPelg2lojKeiEy4jt2dzRtdz5os8Fu7edEYxBXyBdeeRNY%2FM3u9b5%2Fn%2F13Srs6RZ0WhxeRvVWlwC3UG%2F0A%2Bz43okZHudWtauVkAqgpup74ZzJsmg%2BwdNBMYttZc9IWMQd3j6rfG3ipG3F4C0RvVfLTakuAp47crR0gMlsVnZmnJ8Do4SkLh95vVblRod22K6tMMyYXfdI4N9VNbebBuVkFj4asSWza6LDLCb%2BxGO7fg6128OIEkekWw%3D%3D&checksum=38361918565439661de75f484c09afccfa05ebba3634
50 LB Weight Set|6 Plates|CAP OLYMPIC|TOTAL 50 LBS,$200.00,FREE,$200.0,https://www.ebay.com/itm/50-LB-Weight-Set-6-Plates-CAP-OLYMPIC-TOTAL-50-LBS/274387686057?_trkparms=ispr%3D1&hash=item3fe2c7d2a9:g:ePEAAOSwoTJer7PW&enc=AQAFAAACcBaobrjLl8XobRIiIML1V4Imu%2Fn%2BzU5L90Z278x5ickkY3FSd4Ad8xn3oRtkVexxrE5lFOTaE5zKQFNm%2BNjHDFScbIuFtotAggso8loz0tumGcidJt4TXieAl1hHUkPtDks4kLvuD5PMx9vjIkHIgfqeLcHVSKGSh8O%2BOmed2fWQaBdqfyMkpS4HfxZaUna4hxfMZEXep%2F61AB2y5KLkfLf%2B8%2F7cS3XwqxKuTtF09N%2Fvm3pZDpNLokJU3NqEE4SLtP8DBJFT5zCU0ducPKEGOSOdjnREMd1OjQH6pi0zEEFexGSsa12UOGTWfQYKnAEpjjnleyu5tfryXgQGUHKhGFeRDESIPv4HCyPifHsk7j5j6Zj%2Fvkef28qEY0XZ0SttWgWXpW%2FvuUSNhkj2%2B4dTe8Y%2Bq7FSGR7JxpgJMBnQ5FFQcPGIjkfzbPEybxlXyEfDLp0QGHNjySLGlbo27qC0KPQBuu88%2Bio8%2F%2Fpiy9V3xrJBIf%2FgTmotei0AFr48fm0KJ82gMIK%2BSO2sqkhXSijbtlP1Lp6mbcXpkWfgTTAKLr1tH%2F%2BYqoHvGf7DohMXvDxyoMBjpgRUqXRcAW2xe6LrP4DD535OSyTPL8hhxk6olPMqYmLI1Z6Q47wyrICqW0ZDJx0yo32YJvp6dOa2Imz7NTu0fnFsUnplkK8I2r%2B%2FmhQ5sRGXVUzb8qHeKMKm%2BQsK%2FOmzWY5NVtLf1rcdRONixUnWaipQaYp0qB4BZ556z%2Fd3zZ7Lv%2BAQcFobMaU41NBy5nGVPmCmAg5rZyHssWg%2FpdV818xV3x4QdEOKN36DZYTkdunb7gmq%2BFa%2FslxiNC74tg%3D%3D&checksum=27438768605739661de75f484c09afccfa05ebba3634
45lb Olympic Weight Plates Set Pair- 90lb Total- Brand New- Excellent Quality ,$156.95,"Calculate
Varies based on location and shipping method",$156.95,https://www.ebay.com/itm/45lb-Olympic-Weight-Plates-Set-Pair-90lb-Total-Brand-New-Excellent-Quality/133425573293?hash=item1f10c8adad:g:oMYAAOSwR3le06La
üî•CAP 2 25 Pounds lbs 2‚Äô‚Äô Olympic Weight Plate Set Barbell Weights 50 lbs Total,$129.50,"FAST 'N FREE



				Guaranteed by Tue. Jul. 14 | 

 See details",$129.5,https://www.ebay.com/itm/CAP-2-25-Pounds-lbs-2-Olympic-Weight-Plate-Set-Barbell-Weights-50-lbs-Total/164251996605?hash=item263e2e91bd:g:1ZoAAOSwzGZe6DPr
"Weider 10 lb Set 40lbs Total Barbell Olympic Weight Plates 2"" 10lb x 4 plates",$100.00,$20.00,$120.0,https://www.ebay.com/itm/Weider-10-lb-Set-40lbs-Total-Barbell-Olympic-Weight-Plates-2-10lb-x-4-plates/233638580187?hash=item3665f1cfdb:g:0ycAAOSwUpxe~mYb
CAP 50 Lb Set Of Olympic Weight Plates NEW IN BOX,$66.00,$65.10,$131.1,https://www.ebay.com/itm/CAP-50-Lb-Set-Of-Olympic-Weight-Plates-NEW-IN-BOX/184354808647?hash=item2aec672347:g:XwMAAOSwX2xe3oqb
300 lb. Fitness Gear Olympic Weight Set With Clamps Brand New Sealed,$999.00,FREE,$999.0,https://www.ebay.com/itm/300-lb-Fitness-Gear-Olympic-Weight-Set-With-Clamps-Brand-New-Sealed/264775130099?epid=12037804621&hash=item3da5d3dbf3:g:os4AAOSw3Ate9Ais
"Brand New 25 lb Olympic Weight Plates Fitness Gear (Set of 2, 50 lbs Total)",$175.00,FREE,$175.0,https://www.ebay.com/itm/Brand-New-25-lb-Olympic-Weight-Plates-Fitness-Gear-Set-of-2-50-lbs-Total/373109568176?hash=item56df1032b0:g:NYcAAOSws8de~hct
New 5 Lb CAP Olympic weight Plates Set Of 2 (10 Lbs Total Weight) 2‚Äù Hole,$40.00,"FAST 'N FREE



				Guaranteed by Wed. Jul. 15 | 

 See details",$40.0,https://www.ebay.com/itm/New-5-Lb-CAP-Olympic-weight-Plates-Set-Of-2-10-Lbs-Total-Weight-2-Hole/124254279661?hash=item1cee21d7ed:g:zicAAOSwkJJfB37B
Set of 2 x 45lb Olympic Rubber Bumper Plates Pair Ethos Barbell Weights,$398.00,$100.00,$498.0,https://www.ebay.com/itm/Set-of-2-x-45lb-Olympic-Rubber-Bumper-Plates-Pair-Ethos-Barbell-Weights/143651965455?hash=item2172530a0f:g:u~EAAOSw6dle-vbt
"10 Lb Weider Olympic 2"" Weight Plates Set of Four (4) 40 Lbs Pounds - Hammertone",$149.95,FREE,$149.95,https://www.ebay.com/itm/10-Lb-Weider-Olympic-2-Weight-Plates-Set-of-Four-4-40-Lbs-Pounds-Hammertone/324221368468?hash=item4b7d197894:g:x5YAAOSw0itfBbq~
"CAP Pair Set 5LB Olympic Cast Iron 2"" Weight Plates (10LB Total) 5 Lb",$44.99,FREE,$44.99,https://www.ebay.com/itm/CAP-Pair-Set-5LB-Olympic-Cast-Iron-2-Weight-Plates-10LB-Total-5-Lb/293642127116?hash=item445e6f470c:g:1k8AAOSwubtfByTd
Xmark Rubber Coated 300 lb Olympic Weight Set With 7‚Äô Bar - New,"$1,025.00",$300.00,$1325.0,https://www.ebay.com/itm/Xmark-Rubber-Coated-300-lb-Olympic-Weight-Set-With-7-Bar-New/143638085288?hash=item21717f3ea8:g:vZQAAOSwhl1ew2Lo
New CAP 50 Lb Olympic Weight Set Pair (4) 10 Lb Plates (2) 5 Lb Plates Cast Iron,$95.00,"Calculate
Varies based on location and shipping method",$95.0,https://www.ebay.com/itm/New-CAP-50-Lb-Olympic-Weight-Set-Pair-4-10-Lb-Plates-2-5-Lb-Plates-Cast-Iron/114262305971?hash=item1a9a906cb3:g:~7QAAOSwb9Reztni
Not 300 lb Weight Set but ETHOS 205 lb. Olympic Rubber Bumper Plate Set,$800.00,$250.00,$1050.0,https://www.ebay.com/itm/Not-300-lb-Weight-Set-but-ETHOS-205-lb-Olympic-Rubber-Bumper-Plate-Set/153984745581?hash=item23da34c06d:g:UjUAAOSwNp1ephwG
XMark Black Diamond 300 lb Olympic Weight Set With 7‚Äô Bar - High Quality - New,"$1,075.00",$300.00,$1375.0,https://www.ebay.com/itm/XMark-Black-Diamond-300-lb-Olympic-Weight-Set-With-7-Bar-High-Quality-New/143636883488?hash=item21716ce820:g:R7EAAOSwMmpe1xUz
300 lb Olympic Weight Set with 45 Pound Barbell  üèãÔ∏èüí™ - BRAND NEW!!,$900.00,$250.00,$1150.0,https://www.ebay.com/itm/300-lb-Olympic-Weight-Set-with-45-Pound-Barbell-BRAND-NEW/193550877457?_trkparms=ispr%3D1&hash=item2d10880311:g:vy0AAOSwaKFe~2Qg&enc=AQAFAAACcBaobrjLl8XobRIiIML1V4Imu%2Fn%2BzU5L90Z278x5ickkfKe2vUidqHRg3XM2X2xOVBNQ%2FWEarNG4xo3VqOxqOmyKJRl60Q95YVZbYg9MsT5MxrbvYvoV6VQNLic6l9jmKtUmyDu0WojSVApuf6HaMVWchZpW2giePAMhCYImCAAKQptv57eCMrDTMgMtT5pkcbOANTZqLQZOhXVkRyOanxe8EUMpt4iajMG5dZUstE%2Byt3BhhP%2FUMHOIWZreSzQzkz2A2x%2BekiCU4CwQ%2BaqJRSxN3dLYUnYXUrsaPBYkgVVuz0cL0QcNHtxyeRfbXpE6JbUn0frUFpPFS%2FaD7qYsjtedkNYqKq3Gtb3ovVcVPk4sE8r7DAcCJ3cvv0JQXtUDWuSqybDzej3n%2FCpgqHiKp6tDDJS1ZSftnnEbOA5okUTFntQroE6D2IWXdbpmkMJPfFleriRVLOoLgC2sHqYpiuFVggVXx%2BDEmIbLSFmSqrtbdwJnPMGemEOf3%2Bi%2BUw2Gz0oA2Dxv0CUn2TYAASE5UfIg4zhCeoZKasaH5otQkD%2F7pI0awROAgMposOv8wspD6uOLYUe9ztliToYWf6xsfXSugD6C3qvLMQEMZEfPCX%2FOE%2B70u91PxbmywP7VkH1pE%2FbdOYgQoAH7IJL6G5zhJIvC0K8tDmf1IWNTZVQzVl2emcOKI2XLB5phb7Vv18MNKY5XTltcTUNSekVMv3v5q2KFzn4qMnR5DjdaPbO8n%2BifcjQ41H%2BIfQEoMFmIml%2Fk3r98SGjdMma0hBQvb31iflSo8WGjONPCe4bIy1WeR02yMNEJmKR4Dt%2FpWzNhCb6rpA%3D%3D&checksum=19355087745739661de75f484c09afccfa05ebba3634
CAP 35 lbs x2  Olympic Weight Plates (Set) 35 Pound x 2 (70 Total) 2‚Äù Barbell,$219.00,"FAST 'N FREE



				Guaranteed by Tue. Jul. 14 | 

 See details",$219.0,https://www.ebay.com/itm/CAP-35-lbs-x2-Olympic-Weight-Plates-Set-35-Pound-x-2-70-Total-2-Barbell/203043971218?epid=663158793&_trkparms=ispr%3D1&hash=item2f465d2092:g:j0IAAOSws41fAd7P:sc:FedExHomeDelivery!20120!US!-1&enc=AQAFAAACcBaobrjLl8XobRIiIML1V4Imu%2Fn%2BzU5L90Z278x5ickkrmmq8hWevtuKE7%2F%2BLfVXtm6x%2BXSGzk0mhbQTuPotlZRc6Dczm2HrTnGazSJmQ0x99BI%2B%2FETJenfluoEzSlVsHflUJUwd556s6xsL0Js%2FbX6DJZXCCl9C%2FQJFjw85W6Cdqaruvm2rAbiomHUySSpvIewF%2F53hYWY8u7liVbJzhIVMX9H1xT6%2BEh97DiCG4HIAKTOJ%2Fmiih%2Fgae0srQdlDe%2FBaO0eS9T9g23UYz7oZ2ClB%2B%2Bda1qL%2FEpQ%2B8BbgWbrb9BLczh6vtfRPkDdGtpbZ5QRfhZI3ZDlbIOfBiH8by0iRdERqwVPtJn7j1hbM%2B9AswL8LpGSF6qTAoBhT4HeqM8yIBtneHkl8mSyABHnIuDOwTrRlMYvdByuBNmZQpBLT2wdILXYYb2lbgpU6xbtCvljJkQEJMM%2BzqZ0Q0T2PllWmgTSY0H9%2Fwwa1YCtL9nVnaTJwQ3y1AgqdhkiwM3MOoLFfrGGP6H0rXFDR4ZZK%2FKxmRxAQVL9Zu1oLZyoh3R7LgHfEFy88afwFe%2BQDQO8qi1ueDX24Gp7i%2BvSXnd%2BnXhI1x2jZpnyQ0CFkf3lgan0W3JzBn1K1Wsea8WCXJdcRnOwHgUkawVPs4TuB8%2BI%2B4hPCD3wwP1ugWNxuZtyZhpMIobLfuA3sYkpOfyHkAnsym8YV%2B7uqctyNo58QWZ8nPNptgJNokey%2F2rH6Woobx6iCXlWP%2B05oNVu8%2B%2BFbofv9Z%2BXLUb0WY7rJAwyFHFCTmdBZBYUBg9oTymvSvWwsCbdZuC1jW6BXQbPog99YxGpKcQ%3D%3D&checksum=20304397121839661de75f484c09afccfa05ebba3634
CAP 110 LB Olympic Weight Set Similar to Golds Gym Cast Iron Plates üí™ Fast Ship,$218.88,"Calculate
Varies based on location and shipping method",$218.88,https://www.ebay.com/itm/CAP-110-LB-Olympic-Weight-Set-Similar-to-Golds-Gym-Cast-Iron-Plates-Fast-Ship/164231737441?hash=item263cf97061:g:E9IAAOSwT9Je2Q8f
Olympic Weight Vulcan Strength Steel Calibrated Weight Set 15kg Pair Brand New¬†,$300.00,"Calculate
Varies based on location and shipping method",$300.0,https://www.ebay.com/itm/Olympic-Weight-Vulcan-Strength-Steel-Calibrated-Weight-Set-15kg-Pair-Brand-New/313124806586?hash=item48e7b15fba:g:dO8AAOSw7P1e8o~V
Set of Iron Grip Olympic Urethane Weight Plates - 655 Lb - SHIPPING NOT INCLUDED,"$2,299.98","Freight - Read the item description or contact the seller for details

 | 

 See details",$2299.98,https://www.ebay.com/itm/Set-of-Iron-Grip-Olympic-Urethane-Weight-Plates-655-Lb-SHIPPING-NOT-INCLUDED/301723996733?hash=item464026d23d:g:aPIAAOSw4ytezAQw
50 lb Olympic Weight Set - (10) 5 lb Olympic Cast Iron Grip Plates - CAP BARBELL,$215.00,FREE,$215.0,https://www.ebay.com/itm/50-lb-Olympic-Weight-Set-10-5-lb-Olympic-Cast-Iron-Grip-Plates-CAP-BARBELL/193557024540?hash=item2d10e5cf1c:g:7AEAAOSwol9fA8Cv
300 lb Olympic Weight Set with 7 foot Bar Weider Local Pick Up And Shipping,$650.00,$300.00,$950.0,https://www.ebay.com/itm/300-lb-Olympic-Weight-Set-with-7-foot-Bar-Weider-Local-Pick-Up-And-Shipping/114291136548?hash=item1a9c485824:g:4yIAAOSwwFlfAl6-
NEW Set of 2 x 25lb Olympic Rubber Bumper Weight Plates (50 lbs total),$249.90,"Calculate
Varies based on location and shipping method",$249.9,https://www.ebay.com/itm/NEW-Set-of-2-x-25lb-Olympic-Rubber-Bumper-Weight-Plates-50-lbs-total/143639516721?hash=item2171951631:g:47oAAOSw6nhe8v-L
Set of Iron Grip Olympic Urethane Weight Plates - 605 Lb - SHIPPING NOT INCLUDED,"$2,099.98","Freight - Read the item description or contact the seller for details

 | 

 See details",$2099.98,https://www.ebay.com/itm/Set-of-Iron-Grip-Olympic-Urethane-Weight-Plates-605-Lb-SHIPPING-NOT-INCLUDED/301920922971?hash=item464be3ad5b:g:dlcAAOSwL1dctnGL
CAP Barbell Olympic Weight Set |110 LBS with Plates| IN HAND - FREE SHIPPING,$419.99,FREE,$419.99,https://www.ebay.com/itm/CAP-Barbell-Olympic-Weight-Set-110-LBS-with-Plates-IN-HAND-FREE-SHIPPING/164230462096?hash=item263ce5fa90:g:i5EAAOSw4B9e1~aB
CAP 50 LB Olympic Plate Weight Set (2) 25 lb Olympic Plates FAST SHIPPING!!!,$125.99,$18.50,$144.49,https://www.ebay.com/itm/CAP-50-LB-Olympic-Plate-Weight-Set-2-25-lb-Olympic-Plates-FAST-SHIPPING/164283413670?hash=item26400df4a6:g:a68AAOSwRK9fBziu
Not 300 lb Weight Set but ETHOS 205 lb. Olympic Rubber Bumper Plate Set,$699.00,$439.00,$1138.0,https://www.ebay.com/itm/Not-300-lb-Weight-Set-but-ETHOS-205-lb-Olympic-Rubber-Bumper-Plate-Set/193562553261?hash=item2d113a2bad:g:WP0AAOSwpUlfB2te
"Set (x2) of 35lb TSA Olympic Weight Plates, 70lbs total, Easy Grip, Iron 2"" hole",$129.00,"Free Local Pickup


 | 

 See details",$129.0,https://www.ebay.com/itm/Set-x2-of-35lb-TSA-Olympic-Weight-Plates-70lbs-total-Easy-Grip-Iron-2-hole/254647279477?hash=item3b4a291f75:g:cskAAOSw7y1fBT5P
CAP Barbell Olympic 110 lb Weight Set with Plates Collars & Bar Fast Free Ship!,$349.00,FREE,$349.0,https://www.ebay.com/itm/CAP-Barbell-Olympic-110-lb-Weight-Set-with-Plates-Collars-Bar-Fast-Free-Ship/154001270315?hash=item23db30e62b:g:JcoAAOSw2pFe7lkI
NEW! ETHOS 205 lb. Olympic Rubber Bumper Plate Weight Set - Ready to ship ,$850.00,$285.00,$1135.0,https://www.ebay.com/itm/NEW-ETHOS-205-lb-Olympic-Rubber-Bumper-Plate-Weight-Set-Ready-to-ship/303610466284?hash=item46b0980fec:g:AEQAAOSwGope-4sB
Xmark Olympic Weight Plates Set,$999.99,$250.00,$1249.99,https://www.ebay.com/itm/Xmark-Olympic-Weight-Plates-Set/193510259325?hash=item2d0e1c3a7d:g:lO4AAOSwhele4WqE
2 10Lb Weider Olympic Plates Set 20 Lbs Total Weight Barbell 2‚Äù Hole,$65.00,FREE,$65.0,https://www.ebay.com/itm/2-10Lb-Weider-Olympic-Plates-Set-20-Lbs-Total-Weight-Barbell-2-Hole/184357468139?hash=item2aec8fb7eb:g:s4kAAOSwAClfBLx6
CAP 50 lb Adjustable OLYMPIC Weight PlateSet 4x10lb 2x5lb,$20.00,$29.00,$49.0,https://www.ebay.com/itm/CAP-50-lb-Adjustable-OLYMPIC-Weight-PlateSet-4x10lb-2x5lb/293642410640?hash=item445e739a90:g:kUoAAOSwbddfB3DD
Weider International Olympic Weight Set 2 inch 44lb 33lb 22lb 11lb 220 lbs,$900.00,$400.00,$1300.0,https://www.ebay.com/itm/Weider-International-Olympic-Weight-Set-2-inch-44lb-33lb-22lb-11lb-220-lbs/133439491995?hash=item1f119d0f9b:g:hEwAAOSwnKJe58Er
New Cap 110 Lb Olympic Weight Set Weights Included,$343.99,"Calculate
Varies based on location and shipping method",$343.99,https://www.ebay.com/itm/New-Cap-110-Lb-Olympic-Weight-Set-Weights-Included/392835444826?_trkparms=ispr%3D1&hash=item5b76d1305a:g:K3sAAOSw8Xpe4oU4&enc=AQAFAAACcBaobrjLl8XobRIiIML1V4Imu%2Fn%2BzU5L90Z278x5ickkyMJZWL%2BqFSgQ3TOOe%2FNr7qFcqupi4zVpRDf%2B1BZnV2GE7Ao17nn9Lv17a23fKCozX4b1cUvcavPGsFctpJKYj1gmvl%2B1GSyQ6PjztSoPZuHpzBs1eH2VhrIVy%2BJd2dT9BpTgdx9Bh0lKgWjbbRQUB89hjDuAn2AYZcTBYgFTsTtCfWqsw8Bsady5Z2ghjouOvWRvibTGqmPyFcAoh9EqbPfUCP%2FDt3MKQDvOvq2YHc%2FDJuJ%2Bu%2BxcgW97i1ZeoeH%2BvZkopLJxhsTzO6wc7B1z%2FIstj1Hzd0aMXByTFFtuX9wOtL4tXFTrdOvSfYq4g1gFQJXCy02UubhkLVyB9j26RJ8mVEBB9I16Ij141z%2BzeqmDX123QY7suuGpy5bv9uLoZJ4qMoP7FcHENci6XKZYWdHnwbOzPFRYN%2BcnUCXs5iuPzfukHr3%2F%2FkZiPdWE7uq5QW51uHYb%2B%2FRqDogQyGwbOnxbe4YauY9BmIzaAtSf0yHE%2B3BSnRIpSxqVtgixQ9UTGV9mVOt9QNNlr%2BG7K0LYPUeb3MDNeRpj7DP3YagazbvEE6ds5pJi5X2dEPgJnkaxqiTwBV3Ss5enlVjoeU4xfdf3W1HA4H5HmWur%2B2UQRdKRAmwdjzED4ikwWOGNRetTC1av2m62EJ6Xsb6wXyK%2Fsddlkfh022aQ7z6YPcVy6SM%2FS%2BSqZkGPuirnPL7b9ovlJJJhbg5hYT8Avz2ZWmuI3fyG2gZfsuYdOE%2F1B%2FfDSKNhzYmeOL6jLQeN%2FNIjzcziT2mfIdQFL4i89IEI9xr9FA%3D%3D&checksum=39283544482639661de75f484c09afccfa05ebba3634
NEW CAP 50LB Olympic Weight Plate Set (2) 25LB Plates Cast Iron 2 Inch ,$179.00,FREE,$179.0,https://www.ebay.com/itm/NEW-CAP-50LB-Olympic-Weight-Plate-Set-2-25LB-Plates-Cast-Iron-2-Inch/402315415535?_trkparms=ispr%3D1&hash=item5dabde0fef:g:5vwAAOSwFIJe~7du&enc=AQAFAAACcBaobrjLl8XobRIiIML1V4Imu%2Fn%2BzU5L90Z278x5ickkTboA95HSvGa1O5UmCCGJLgaCMnVeL3tWSb9xm5Sk6KI9NtAd6gPFFQ3TEjn3YFbqCeExMH%2FPavx81neJ4UktFjSzQTmiLVphBIA4EyVbYDcq5AxPNGOU%2F%2F7ZQQ1Q1FYDUnTqKTFcoTyieH3WL%2Be6zkK5EaX2ynRD5wet3e%2FJKjtcHkQqfTCGjL4EUucVnZmr31sFxnn0sK7oFRbshLGLx0iCaS%2FsKI981gvmP00BB9tuxMGzLiBXDoojXKNn1KOb%2BYPmVlHXWWOuHVqFlxOlN70Zgb%2BtsbC%2BxqP8sh1xnoyI17CYgLqMJgDLj4gZvgO0D4LSY623gsaAR8oJDdXV5IDJQ8PHixsf6XAKKeIAKEf8KxZEjzhvnF42%2FESmxvv0KXv09IQiaPfZ5VCQsnqlINSxC1sWyUECWs02EKziEEtLWPy7jTR%2FY7z70GtuSmOjrVFpAzHbRhYG0g1wfqfY4A39kaEPlPjj5110II8G8Llxa3jVOvpasvdi0z5TZ5T5zffuwhPjqB40XaNG3YZ8KnBsHFrs7%2Fx54liGFuf7gx07HdFQh6yBtQw5fKVJTnWsNEbiYh%2BNc%2FsbqlgrB%2BaETGUFrCTp6ejrZFrNKb6OBWGE2V8Xc%2BMk4kOuTz%2BBgYAJVHq%2Be%2FTZNHhvSawW%2FYMp8VAQsj7wMZwIihFKgU%2BWVoeCnHsLnLM%2FgGz%2FYee7Y3pC%2FAa%2BbAonREVUMNK%2BnfnJCIYwBuD%2FPofZLOiw5C2LqVIeLfyzGVudFgS4jZnU6U3UaudmjVtJVhiwE8J0q2kZXA%3D%3D&checksum=40231541553539661de75f484c09afccfa05ebba3634
"25 Lb Olympic 2"" Weight Plates Set of 2 50lbs Total- Brand New Excellent Quality",$146.95,"FAST 'N FREE



				Guaranteed by Tue. Jul. 14 | 

 See details",$146.95,https://www.ebay.com/itm/25-Lb-Olympic-2-Weight-Plates-Set-of-2-50lbs-Total-Brand-New-Excellent-Quality/133449655977?hash=item1f123826a9:g:vlUAAOSw3iRe9qgw:sc:USPSPriority!20120!US!-1
Fitness Gear 300lbs Olympic Weight Set 7ft Barbell w/ clamps SHIPS FAST BUY NOW ,$539.99,$294.99,$834.98,https://www.ebay.com/itm/Fitness-Gear-300lbs-Olympic-Weight-Set-7ft-Barbell-w-clamps-SHIPS-FAST-BUY-NOW/224043600448?epid=0&hash=item342a0a0a40:g:CMwAAOSwdeNe2TC1
"New! 255lb Olympic Weight Set, 2 of each: 45, 35, 25, 10, 2.5 & 4 5lbs Plates",$799.99,$249.99,$1049.98,https://www.ebay.com/itm/New-255lb-Olympic-Weight-Set-2-of-each-45-35-25-10-2-5-4-5lbs-Plates/153996127881?hash=item23dae26e89:g:lQIAAOSw~6Be5xCv
35 LB Olympic 2'' Barbell Weight Plates Set of 2 Weights 70lbs Total New CAP,$219.00,FREE,$219.0,https://www.ebay.com/itm/35-LB-Olympic-2-Barbell-Weight-Plates-Set-of-2-Weights-70lbs-Total-New-CAP/363043942548?hash=item54871af094:g:0tMAAOSwUzpfB3WH
CAP 50 LB Olympic Plate Weight Set (2) 25 lb Olympic Plates FAST SHIPPING!!!,$95.00,"Calculate
Varies based on location and shipping method",$95.0,https://www.ebay.com/itm/CAP-50-LB-Olympic-Plate-Weight-Set-2-25-lb-Olympic-Plates-FAST-SHIPPING/114262304704?hash=item1a9a9067c0:g:CBoAAOSwMq5e0C7R
"Olympic Weight Plate Set. 40 lb total. WEIDER 2"" GRIP PLATE- PROMPT SHIPPING",$160.00,FREE,$160.0,https://www.ebay.com/itm/Olympic-Weight-Plate-Set-40-lb-total-WEIDER-2-GRIP-PLATE-PROMPT-SHIPPING/193560398874?hash=item2d11194c1a:g:52UAAOSwKThe8Tko
35 Lb Olympic weight Set,$78.00,$20.05,$98.05,https://www.ebay.com/itm/35-Lb-Olympic-weight-Set/143650451030?hash=item21723bee56:g:i1AAAOSwFIJfAkry
"NEW Set of 2 Fitness Gear 45 lb 2"" Olympic Weight Plates (90 lb total) Cast Iron",$234.99,$34.50,$269.49,https://www.ebay.com/itm/NEW-Set-of-2-Fitness-Gear-45-lb-2-Olympic-Weight-Plates-90-lb-total-Cast-Iron/324222102281?hash=item4b7d24ab09:g:0SIAAOSw8Lhe3Vml
Set of Four CAP 10 LB Olympic Plate Weights *NEW*,$114.99,"FAST 'N FREE



				Guaranteed by Wed. Jul. 15 | 

 See details",$114.99,https://www.ebay.com/itm/Set-of-Four-CAP-10-LB-Olympic-Plate-Weights-NEW/353131161572?epid=2254339465&hash=item523841e7e4:g:licAAOSwtVpe4BQx
5lb Olympic Weight Plates Set 20 Lbs Total-Barbell 2‚Äù Brand New Excellent!,$76.94,"FAST 'N FREE



				Guaranteed by Tue. Jul. 14 | 

 See details",$76.94,https://www.ebay.com/itm/5lb-Olympic-Weight-Plates-Set-20-Lbs-Total-Barbell-2-Brand-New-Excellent/133449660263?hash=item1f12383767:g:JqYAAOSwlIVe9qqA:sc:USPSPriority!20120!US!-1
CAP Barbell Olympic 110 lb Weight Set with Plates Collars & Bar Fast Free Ship!,$349.00,FREE,$349.0,https://www.ebay.com/itm/CAP-Barbell-Olympic-110-lb-Weight-Set-with-Plates-Collars-Bar-Fast-Free-Ship/154001270315?hash=item23db30e62b:g:JcoAAOSw2pFe7lkI
"5 lb, 10 lb Olympic 2‚Äù Weight Plate Set Fitness Gear NEW IN STOCK READY TO SHIP!",$119.99,"Calculate
Varies based on location and shipping method",$119.99,https://www.ebay.com/itm/5-lb-10-lb-Olympic-2-Weight-Plate-Set-Fitness-Gear-NEW-IN-STOCK-READY-TO-SHIP/143652011716?hash=item217253bec4:g:7uUAAOSw9rpfBSE4
"10 Pound Olympic 2"" Plate Set 2 X 10 lbs Weights Dumbbell 20 Lbs Total CAP",$64.99,"FAST 'N FREE



				Guaranteed by Wed. Jul. 15 | 

 See details",$64.99,https://www.ebay.com/itm/10-Pound-Olympic-2-Plate-Set-2-X-10-lbs-Weights-Dumbbell-20-Lbs-Total-CAP/133456904515?hash=item1f12a6c143:g:vT0AAOSw1elfAKYO
ETHOS 205 lb. Olympic Rubber Bumper Plate Weight Set - Ready to ship,$799.99,$285.00,$1084.99,https://www.ebay.com/itm/ETHOS-205-lb-Olympic-Rubber-Bumper-Plate-Weight-Set-Ready-to-ship/233624836960?epid=2256084483&hash=item3665201b60:g:ok0AAOSwZcJen1v9
2 √ó 10lb Weider Olympic Plates Grip Set 20 Lbs Total Weight Barbell 2‚Äù Hole,$63.98,FREE,$63.98,https://www.ebay.com/itm/2-10lb-Weider-Olympic-Plates-Grip-Set-20-Lbs-Total-Weight-Barbell-2-Hole/164282753432?_trkparms=ispr%3D1&hash=item264003e198:g:vFAAAOSwPJZfBpPQ&enc=AQAFAAACcBaobrjLl8XobRIiIML1V4Imu%2Fn%2BzU5L90Z278x5ickkfOCvCjTOBWK8pwriaolq5s%2FtZ%2FOOWxbNZdG3Hls2TgPZN4wHU3FkbXBS9WBav7cqnMbLQCO5vGNlxXVDIoOW61QToyMpZooTKmKd8YpUJCudxWXCCQrfsJaEn8aL0PCKIJMyPiTwvSWEzbaNfCjs2r4tLap0Vu%2BXrNGF5wX4v0pvyPYbYeWiU4ydgxbKvMaDDyEID%2F6cGr3KdVlC0OEhQiJuCHZ0puTkgLhsVyo%2BVl29IWwUetJKggQ%2Fq5BIWAPdG0OQ3IXvzDG%2BVa3gEjOc7NSBlnXr9SRGwMDyCHemta6zkYZK0ATbz9F4XgvBL6uIfmyYVBJEne1P4B2gAlEGrcdySos4kFvWtuTTUgT6cj%2BJ7lHCR1bQJHB2cedORsNM5q0rg5hDa67%2BIGcmNM4eLob3x87AKowdllWsTI4SkJphQdnLNx0okDhJoDhkcFlVZX31bmYi49RWb92F4GfjaQ4qdfdT4t4Nsg29Z%2FITTVqU65hqKSDLpuE%2FS%2FPP%2FRNXhVewO%2BM2IqMm34rD6l7kNAGrgCJwIuInwZXGp805Zwpq2WP5BmzJOfoEZGDJhviyW%2FEJ4jdzHrUq6qvXvqngWgjF6ApV%2Bqk9AiPhMwzvtXhsMJHc8XBnAWQwH7iTlAJaWlPbWwbIu7JugKIW7AqQOuHCkPoALTPB0YPDGznQiTUA%2BryuaGKo%2FtxKsBdpd3bZSyB3MXkm1vxfzWSNzYHmMiHLdEicgABPxK0YD%2BWwHRH1tc8X7V92smrxprmSZzHUIsau5zMRd7Tqz5ePqXBUWA%3D%3D&checksum=1642827534325036478980d84eeeb0d6dc68235d53f0
(4) Fitness Gear Olympic Weight 5LB Iron Plates 2 Sets Weight 20 LB Ships Fast!,$79.99,FREE,$79.99,https://www.ebay.com/itm/4-Fitness-Gear-Olympic-Weight-5LB-Iron-Plates-2-Sets-Weight-20-LB-Ships-Fast/203037313177?hash=item2f45f78899:g:JaMAAOSwdzte8-A-
Gold's Gym  Olympic Grip Weight Plate Set - Pair of 25lbs,$43.00,"Calculate
Varies based on location and shipping method",$43.0,https://www.ebay.com/itm/Golds-Gym-Olympic-Grip-Weight-Plate-Set-Pair-of-25lbs/174339513888?epid=21011371098&hash=item289771de20:g:f3MAAOSw5EVfAlnH
üí™üèºüî•Cap 110 LB Olympic Weight Set Cast Iron Platesüî•üí™üèº,$399.95,FREE,$399.95,https://www.ebay.com/itm/Cap-110-LB-Olympic-Weight-Set-Cast-Iron-Plates/254620928651?hash=item3b48970a8b:g:h~YAAOSwv2le32i0
CAP 50 Lb Set Of Olympic Weight Plates NEW IN BOX,$61.00,$65.10,$126.1,https://www.ebay.com/itm/CAP-50-Lb-Set-Of-Olympic-Weight-Plates-NEW-IN-BOX/184354808045?hash=item2aec6720ed:g:vccAAOSwX09e3ohs
Cap Barbell Olympic Weight Set 110 lbs Pounds BRAND NEW SHIPPING NOW FAST,$299.00,"Calculate
Varies based on location and shipping method",$299.0,https://www.ebay.com/itm/Cap-Barbell-Olympic-Weight-Set-110-lbs-Pounds-BRAND-NEW-SHIPPING-NOW-FAST/174343657358?hash=item2897b1178e:g:9swAAOSwBf1fB0tK
"Pendlay Metal Olympic Change Weight Plates (1 Pair) .5 KG, 1 KG, 2 KG - 7 KG Set",$49.99/ea,FREE,$49.99,https://www.ebay.com/itm/Pendlay-Metal-Olympic-Change-Weight-Plates-1-Pair-5-KG-1-KG-2-KG-7-KG-Set/402311232345?hash=item5dab9e3b59:g:lr4AAOSwVmJe-mEN
300lb Olympic Weight Set - Ready To Ship - Fitness Gear,$949.99,$324.99,$1274.98,https://www.ebay.com/itm/300lb-Olympic-Weight-Set-Ready-To-Ship-Fitness-Gear/153984678098?_trkparms=ispr%3D1&hash=item23da33b8d2:g:d1QAAOSwKm9e5uKf&enc=AQAFAAACcBaobrjLl8XobRIiIML1V4Imu%2Fn%2BzU5L90Z278x5ickkxGz2ccqatkEnoeekHqhLkbEhrZJE9QBwZprljlt83JifYFn1MfrdNb45S7TSNJVsahOvyjZNrL%2B6uTV%2BOqdKmTcGHeHfPcWTunpfAQW9U0%2BmjBt5NLXgINr4Zkz3%2BIQPtcc%2FSzKR%2BjT3%2Bi8Wv2vWLsj%2FReBeYwcI9dNofBH7g6aZX9MS7Xszma2JjdCITNy%2BtpE0N0BubNfUpq1Unhy44aJAVYwEk8DvloXU4FecvG46JuK50ffR8sqQ7VTLmfQhG5%2BmrXjM%2BssDrN84nhvmNhkFZ7CU30neODxHpA%2FS1d6SeLJjyZ3lLsS59NybCRiwCgZ8X4pEfB1nXKBPWz5jwFhmQdLLnW%2FNnZZrU0V0FRoIhjLakJGjNS%2BWvnseW77yFnfYNsP0oA4xj51XU5eCHRf9T4beidRlUH0tIq4b7%2Bgb3Zd213Bg508nTzBsWaepCU2odI3ZZKScMAvLv5PZA1Z9kJKe%2FEXpA5fLNXOdihvfpAeUzRoCZkQkWET%2BKcuMjaqJDJ2gCdnsZtSFjz4CNL6rggGED3DmM5ydglcK4A2w1x%2BBNuiqscQ3nzYvSUilDVEsZUMj36lCqVwgjRv9AeFqK%2BhuVYeEoNUSsVihWkHZiVKOknM%2BIWuUSISg3ScIkparzHgdUjnhj8jg2Mw93TMVIFmuU%2BTohw%2FM4QTm48T954ZVLk9ZodjvNWDWZSlrqQx5jPfs8SFhAgq2uncOLYYW7l%2FHIh%2B9C%2FbPYelXqlPrVPZOV0uWb5zO5MhFi0PInpWfmLCy1u1vOe422Mfprg%3D%3D&checksum=1539846780985036478980d84eeeb0d6dc68235d53f0
"New CAP 50LB Olympic Weight Plate Set (2) 25LB Plates Cast Iron 2INCH, FAST SHIP",$159.99,"FAST 'N FREE



				Guaranteed by Wed. Jul. 15 | 

 See details",$159.99,https://www.ebay.com/itm/New-CAP-50LB-Olympic-Weight-Plate-Set-2-25LB-Plates-Cast-Iron-2INCH-FAST-SHIP/383619185654?_trkparms=ispr%3D1&hash=item59517c3bf6:g:o2cAAOSwI9le541U&enc=AQAFAAACcBaobrjLl8XobRIiIML1V4Imu%2Fn%2BzU5L90Z278x5ickkxFtV7J5P58ubuVigtBH%2Fex%2FafMNypr85DMZwDU%2BHzqz4tJIdYKksfTCy1OLCgjRGnohft9oDLBcdKnN093txqKrRHgKaRG00lOdCcaVTU8q%2FMr3Iuhi5BrSDyf8%2FUUk%2BCa%2FWxi5WHKaS6BVRq3Jcz0rYR1FpnfPZ%2BxjjUDcN%2BwI%2FRRHL9RHAGumz11t%2Fo2eHLoSLfceT8dtfWCfYgO4tZbfwI%2Fnz87Be07vmy0uf0%2BjmyfmMffUk%2BjrwJWJFYI3%2F2ruvL6GLzsZXRhiDMcvqauWnqx80T%2FjwU%2Flg%2Bt2hN3y5FpXq52YlmBJJAjCn0a0K0pjJPzmpu6uOADrS3lGqIibAuJkxatei0BJ1jkhJsxNppw0EqyAttFiHW1NwLRRVxGYCMnNKxL2u7tReq0%2F6WxKqd9GLrj89U1e5aEoqCKuRgsJWzHhB8sqJqjnQvuRm6UdzzhXpTW9ondb1pen7Sjcwb6z5Dz8mtiJUy76x0%2BfPwXrB8qA2TvjWbpRXueeh9jHuKHVvwyRnpxl40gUlSreXsf60ELO1c8IwfCSUyJxwlFwMUboOlO4DBwmGVkakIVWMRbOR5HxYL5VbJHOsWQUko9mtaDNsPMoj%2B9vufsYEl%2FIK7E1bLoeO%2Ba%2FCBElqXnGcXoS9LzZKQKaHNecIVIQYN7cZGwH2Gylq8JfM0T39wkDiosg%2FNCArYZLLfaS9sd1I%2BXcv6SaE5cxl7978JQZ%2FBCqVGo1F5L8AUg8HLYRaa7wRmVm6Yq6JRyoV36bqBa9KKL6dYYSTJO7JTJOxjQ%3D%3D&checksum=3836191856545036478980d84eeeb0d6dc68235d53f0
50 LB Weight Set|6 Plates|CAP OLYMPIC|TOTAL 50 LBS,$200.00,FREE,$200.0,https://www.ebay.com/itm/50-LB-Weight-Set-6-Plates-CAP-OLYMPIC-TOTAL-50-LBS/274387686057?_trkparms=ispr%3D1&hash=item3fe2c7d2a9:g:ePEAAOSwoTJer7PW&enc=AQAFAAACcBaobrjLl8XobRIiIML1V4Imu%2Fn%2BzU5L90Z278x5ickkY3FSd4Ad8xn3oRtkVexxrE5lFOTaE5zKQFNm%2BNjHDFScbIuFtotAggso8loz0tumGcidJt4TXieAl1hHUkPtDks4kLvuD5PMx9vjIkHIgfqeLcHVSKGSh8O%2BOmed2fWQaBdqfyMkpS4HfxZaUna4hxfMZEXep%2F61AB2y5KLkfLf%2B8%2F7cS3XwqxKuTtF09N%2Fvm3pZDpNLokJU3NqEE4SLtP8DBJFT5zCU0ducPKEGOSOdjnREMd1OjQH6pi0zEEFexGSsa12UOGTWfQYKnAEpjjnleyu5tfryXgQGUHKhGFeXb7TMP5wBJrT0X%2F2vU%2Fi1LnsULhF%2FuMKseXCbV%2FJn%2F7tXtsDaCIj28kCytYEAJ32PSvkpwB0MLtGLRtjH2Jyd5tXCxKWfTmtPDDMvvYM2I27YiBTW6nm4Rc6xgJJSLMj5zHQe8Z1eGN17EinsdKw%2FvrTItbUptQcWChHgt9P%2BQ9R%2FsPtPs%2BLNxmtUQehEEzVlEzhW93aZOe5WLNZlB89HrjYyhb9te2za6bEXQVTUrmASrjbm9lNhyIb3R94CESq0%2B%2Bz8ijtSDXKpgT691nzJmEd%2B0r37PAqVcRTv%2FEA89se3Gb8CEmhO5aGxF50MKgDk0XE%2BGs5yq87Is2kbhdD%2F8JbbPEoq8cjv%2B5tpOBCRUZzihtAJmMbhf8%2Fn91Ca0n8%2FD3tRApR1PKfXuZ4TOT7Vq0PeFQBpQWLIBTPObEz%2FudNFe2c30OE0HmZBb7x%2BAk5Z5XMlCwCQKCjIcRkkIeWWQdA046sN6kbQ%2BcA1LnL5oQ%3D%3D&checksum=2743876860575036478980d84eeeb0d6dc68235d53f0
45lb Olympic Weight Plates Set Pair- 90lb Total- Brand New- Excellent Quality ,$156.95,"Calculate
Varies based on location and shipping method",$156.95,https://www.ebay.com/itm/45lb-Olympic-Weight-Plates-Set-Pair-90lb-Total-Brand-New-Excellent-Quality/133425573293?hash=item1f10c8adad:g:oMYAAOSwR3le06La
üî•CAP 2 25 Pounds lbs 2‚Äô‚Äô Olympic Weight Plate Set Barbell Weights 50 lbs Total,$129.50,"FAST 'N FREE



				Guaranteed by Tue. Jul. 14 | 

 See details",$129.5,https://www.ebay.com/itm/CAP-2-25-Pounds-lbs-2-Olympic-Weight-Plate-Set-Barbell-Weights-50-lbs-Total/164251996605?hash=item263e2e91bd:g:1ZoAAOSwzGZe6DPr
"Weider 10 lb Set 40lbs Total Barbell Olympic Weight Plates 2"" 10lb x 4 plates",$100.00,$20.00,$120.0,https://www.ebay.com/itm/Weider-10-lb-Set-40lbs-Total-Barbell-Olympic-Weight-Plates-2-10lb-x-4-plates/233638580187?hash=item3665f1cfdb:g:0ycAAOSwUpxe~mYb
CAP 50 Lb Set Of Olympic Weight Plates NEW IN BOX,$66.00,$65.10,$131.1,https://www.ebay.com/itm/CAP-50-Lb-Set-Of-Olympic-Weight-Plates-NEW-IN-BOX/184354808647?hash=item2aec672347:g:XwMAAOSwX2xe3oqb
300 lb. Fitness Gear Olympic Weight Set With Clamps Brand New Sealed,$999.00,FREE,$999.0,https://www.ebay.com/itm/300-lb-Fitness-Gear-Olympic-Weight-Set-With-Clamps-Brand-New-Sealed/264775130099?epid=12037804621&hash=item3da5d3dbf3:g:os4AAOSw3Ate9Ais
Set of 2 x 45lb Olympic Rubber Bumper Plates Pair Ethos Barbell Weights,$398.00,$100.00,$498.0,https://www.ebay.com/itm/Set-of-2-x-45lb-Olympic-Rubber-Bumper-Plates-Pair-Ethos-Barbell-Weights/143651965455?hash=item2172530a0f:g:u~EAAOSw6dle-vbt
"10 Lb Weider Olympic 2"" Weight Plates Set of Four (4) 40 Lbs Pounds - Hammertone",$149.95,FREE,$149.95,https://www.ebay.com/itm/10-Lb-Weider-Olympic-2-Weight-Plates-Set-of-Four-4-40-Lbs-Pounds-Hammertone/324221368468?hash=item4b7d197894:g:x5YAAOSw0itfBbq~
"4 X 10 lb Pound Grip Barbell Weights Plates CAP 2"" Olympic Pair Lifting New Set",$165.00,"FAST 'N FREE



				Guaranteed by Wed. Jul. 15 | 

 See details",$165.0,https://www.ebay.com/itm/4-X-10-lb-Pound-Grip-Barbell-Weights-Plates-CAP-2-Olympic-Pair-Lifting-New-Set/224074066463?hash=item342bdaea1f:g:g8sAAOSwOPVeo6Wn
"Brand New 25 lb Olympic Weight Plates Fitness Gear (Set of 2, 50 lbs Total)",$175.00,FREE,$175.0,https://www.ebay.com/itm/Brand-New-25-lb-Olympic-Weight-Plates-Fitness-Gear-Set-of-2-50-lbs-Total/373109568176?hash=item56df1032b0:g:NYcAAOSws8de~hct
New CAP 50 Lb Olympic Weight Set Pair (4) 10 Lb Plates (2) 5 Lb Plates Cast Iron,$95.00,"Calculate
Varies based on location and shipping method",$95.0,https://www.ebay.com/itm/New-CAP-50-Lb-Olympic-Weight-Set-Pair-4-10-Lb-Plates-2-5-Lb-Plates-Cast-Iron/114262305971?hash=item1a9a906cb3:g:~7QAAOSwb9Reztni
New 5 Lb CAP Olympic weight Plates Set Of 2 (10 Lbs Total Weight) 2‚Äù Hole,$40.00,"FAST 'N FREE



				Guaranteed by Wed. Jul. 15 | 

 See details",$40.0,https://www.ebay.com/itm/New-5-Lb-CAP-Olympic-weight-Plates-Set-Of-2-10-Lbs-Total-Weight-2-Hole/124254279661?hash=item1cee21d7ed:g:zicAAOSwkJJfB37B
XMark Black Diamond 300 lb Olympic Weight Set With 7‚Äô Bar - High Quality - New,"$1,075.00",$300.00,$1375.0,https://www.ebay.com/itm/XMark-Black-Diamond-300-lb-Olympic-Weight-Set-With-7-Bar-High-Quality-New/143636883488?hash=item21716ce820:g:R7EAAOSwMmpe1xUz
"CAP Pair Set 5LB Olympic Cast Iron 2"" Weight Plates (10LB Total) 5 Lb",$44.99,FREE,$44.99,https://www.ebay.com/itm/CAP-Pair-Set-5LB-Olympic-Cast-Iron-2-Weight-Plates-10LB-Total-5-Lb/293642127116?hash=item445e6f470c:g:1k8AAOSwubtfByTd
Xmark Rubber Coated 300 lb Olympic Weight Set With 7‚Äô Bar - New,"$1,025.00",$300.00,$1325.0,https://www.ebay.com/itm/Xmark-Rubber-Coated-300-lb-Olympic-Weight-Set-With-7-Bar-New/143638085288?hash=item21717f3ea8:g:vZQAAOSwhl1ew2Lo
300 lb Olympic Weight Set with 45 Pound Barbell  üèãÔ∏èüí™ - BRAND NEW!!,$900.00,$250.00,$1150.0,https://www.ebay.com/itm/300-lb-Olympic-Weight-Set-with-45-Pound-Barbell-BRAND-NEW/193550877457?_trkparms=ispr%3D1&hash=item2d10880311:g:vy0AAOSwaKFe~2Qg&enc=AQAFAAACcBaobrjLl8XobRIiIML1V4Imu%2Fn%2BzU5L90Z278x5ickkfKe2vUidqHRg3XM2X2xOVBNQ%2FWEarNG4xo3VqOxqOmyKJRl60Q95YVZbYg9MsT5MxrbvYvoV6VQNLic6l9jmKtUmyDu0WojSVApuf6HaMVWchZpW2giePAMhCYImCAAKQptv57eCMrDTMgMtT5pkcbOANTZqLQZOhXVkRyOanxe8EUMpt4iajMG5dZUstE%2Byt3BhhP%2FUMHOIWZreSzQzkz2A2x%2BekiCU4CwQ%2BaqJRSxN3dLYUnYXUrsaPBYkgVVuz0cL0QcNHtxyeRfbXpE6JbUn0frUFpPFS%2FaD7qYsjteJw24Hij%2FETpbFscvzkus0s8hTs%2B7qCVO4pe22j%2BWAk0iiCOCy8LtUikqlZbP91l%2F5iHkWuS4utNtlnuwpVLYAndhEXw7GibnF%2BpnSFunEdaxybOSAnvN1UShhs9wDEMEBECwfYIo6A7YaJjUyJbNjB4ZSIp3k2TO%2F971wj%2FVQIok2D3ooo3SMng8v6Rs5toKiqrKtTgqA1U5RGO%2FpegeTFvXxEFasjxuZPl1JCDO5OeqqQuQT6g8x9pAYwul12jCs3xZsctjcxKwmAIEj%2B7Uxq1LiweegB2o07cGjzoAp15ixoV2BCrBm%2BNFWsf9hM%2FZhkUoBUjbHvT11y%2FjpadPEk7iT2iCYfjx7geeEtJM0qV0pKb%2BN2w%2B0zxNPn9fVoJLG3rg7%2FktameLiyCewQvhNg2%2BasISS8mRbyb4kBTxgKgu7fzGlKXGYlJzp7wRLkA72BoCTP5b%2B5OaUoehMGFX%2BkXM8iOuvaGMtohS%2Ff6tP0w%3D%3D&checksum=1935508774575036478980d84eeeb0d6dc68235d53f0
CAP 35 lbs x2  Olympic Weight Plates (Set) 35 Pound x 2 (70 Total) 2‚Äù Barbell,$219.00,"FAST 'N FREE



				Guaranteed by Tue. Jul. 14 | 

 See details",$219.0,https://www.ebay.com/itm/CAP-35-lbs-x2-Olympic-Weight-Plates-Set-35-Pound-x-2-70-Total-2-Barbell/203043971218?epid=663158793&_trkparms=ispr%3D1&hash=item2f465d2092:g:j0IAAOSws41fAd7P:sc:FedExHomeDelivery!20120!US!-1&enc=AQAFAAACcBaobrjLl8XobRIiIML1V4Imu%2Fn%2BzU5L90Z278x5ickkrmmq8hWevtuKE7%2F%2BLfVXtm6x%2BXSGzk0mhbQTuPotlZRc6Dczm2HrTnGazSJmQ0x99BI%2B%2FETJenfluoEzSlVsHflUJUwd556s6xsL0Js%2FbX6DJZXCCl9C%2FQJFjw85W6Cdqaruvm2rAbiomHUySSpvIewF%2F53hYWY8u7liVbJzhIVMX9H1xT6%2BEh97DiCG4HIAKTOJ%2Fmiih%2Fgae0srQdlDe%2FBaO0eS9T9g23UYz7oZ2ClB%2B%2Bda1qL%2FEpQ%2B8BbgWbrb9BLczh6vtfRPkDdGtpbZ5QRfhZI3ZDlbIOfBiH8by0jNdHbI4EWKdZuU978kQsXPv%2F8m0SC10KIS1lZFRCp2MkW8I8AcG8TcL57hchjr7c4Qkm0dmYowRmLMckmeyQdEw%2F1b4NOPYxbZtanRkBBFfVCtJ3ElBZMOimhRP3cvBIMjFNLCKJmHXAjZ2H4Lpobl9a4FIVoIt%2FWkCKsGnoFahLCsrIPLIMP2GIdShV%2BVUqjtl3Eg5VIFFD6YGSLprNgXWlFK%2Fd7E8xOHnkLZrZIkgkEG1M3DOW513HTKB3PBXKdyVfwJiZRh9lASOuCjahf6rx2tnxFZSGXo6uJozmZH4FsxkhPN4x%2FjHdwG8ZK16B%2BlhvsWxqoziPXpd4gK3%2By5hTCcZe5FE38EhPf4NrIvgqd%2F3dhdrK0hUKH%2Fh1PBS%2ByVTNltXTXiWLv5%2B8yRJqEXZgrKjoOnwQOaoW5jeCuXkNG9ZZgBqb4zFgebsNuD3%2BJwcaPtYOHk93I%2BYvIq6Oe3DGyZvN2D5S9ToLTU2W4hwQ%3D%3D&checksum=2030439712185036478980d84eeeb0d6dc68235d53f0
NEW Set of 2 x 25lb Olympic Rubber Bumper Weight Plates (50 lbs total),$249.90,"Calculate
Varies based on location and shipping method",$249.9,https://www.ebay.com/itm/NEW-Set-of-2-x-25lb-Olympic-Rubber-Bumper-Weight-Plates-50-lbs-total/143639516721?hash=item2171951631:g:47oAAOSw6nhe8v-L
Not 300 lb Weight Set but ETHOS 205 lb. Olympic Rubber Bumper Plate Set,$800.00,$250.00,$1050.0,https://www.ebay.com/itm/Not-300-lb-Weight-Set-but-ETHOS-205-lb-Olympic-Rubber-Bumper-Plate-Set/153984745581?hash=item23da34c06d:g:UjUAAOSwNp1ephwG
Set of Iron Grip Olympic Urethane Weight Plates - 655 Lb - SHIPPING NOT INCLUDED,"$2,299.98","Freight - Read the item description or contact the seller for details

 | 

 See details",$2299.98,https://www.ebay.com/itm/Set-of-Iron-Grip-Olympic-Urethane-Weight-Plates-655-Lb-SHIPPING-NOT-INCLUDED/301723996733?hash=item464026d23d:g:aPIAAOSw4ytezAQw
CAP 110 LB Olympic Weight Set Similar to Golds Gym Cast Iron Plates üí™ Fast Ship,$218.88,"Calculate
Varies based on location and shipping method",$218.88,https://www.ebay.com/itm/CAP-110-LB-Olympic-Weight-Set-Similar-to-Golds-Gym-Cast-Iron-Plates-Fast-Ship/164231737441?hash=item263cf97061:g:E9IAAOSwT9Je2Q8f
Olympic Weight Vulcan Strength Steel Calibrated Weight Set 15kg Pair Brand New¬†,$300.00,"Calculate
Varies based on location and shipping method",$300.0,https://www.ebay.com/itm/Olympic-Weight-Vulcan-Strength-Steel-Calibrated-Weight-Set-15kg-Pair-Brand-New/313124806586?hash=item48e7b15fba:g:dO8AAOSw7P1e8o~V
300 lb Olympic Weight Set with 7 foot Bar Weider Local Pick Up And Shipping,$650.00,$300.00,$950.0,https://www.ebay.com/itm/300-lb-Olympic-Weight-Set-with-7-foot-Bar-Weider-Local-Pick-Up-And-Shipping/114291136548?hash=item1a9c485824:g:4yIAAOSwwFlfAl6-
50 lb Olympic Weight Set - (10) 5 lb Olympic Cast Iron Grip Plates - CAP BARBELL,$215.00,FREE,$215.0,https://www.ebay.com/itm/50-lb-Olympic-Weight-Set-10-5-lb-Olympic-Cast-Iron-Grip-Plates-CAP-BARBELL/193557024540?hash=item2d10e5cf1c:g:7AEAAOSwol9fA8Cv
"NEW Set Olympic Weight Plate 10lb, 5lb, 2.5lb- Total 45lb (8 plates)- Cast Iron",$202.00,"FAST 'N FREE



				Guaranteed by Wed. Jul. 15 | 

 See details",$202.0,https://www.ebay.com/itm/NEW-Set-Olympic-Weight-Plate-10lb-5lb-2-5lb-Total-45lb-8-plates-Cast-Iron/283941891299?hash=item421c416ce3:g:2-4AAOSwRc9fBgcm
"Set (x2) of 35lb TSA Olympic Weight Plates, 70lbs total, Easy Grip, Iron 2"" hole",$129.00,"Free Local Pickup


 | 

 See details",$129.0,https://www.ebay.com/itm/Set-x2-of-35lb-TSA-Olympic-Weight-Plates-70lbs-total-Easy-Grip-Iron-2-hole/254647279477?hash=item3b4a291f75:g:cskAAOSw7y1fBT5P
CAP Barbell Olympic Weight Set |110 LBS with Plates| IN HAND - FREE SHIPPING,$419.99,FREE,$419.99,https://www.ebay.com/itm/CAP-Barbell-Olympic-Weight-Set-110-LBS-with-Plates-IN-HAND-FREE-SHIPPING/164230462096?hash=item263ce5fa90:g:i5EAAOSw4B9e1~aB
Set of Iron Grip Olympic Urethane Weight Plates - 605 Lb - SHIPPING NOT INCLUDED,"$2,099.98","Freight - Read the item description or contact the seller for details

 | 

 See details",$2099.98,https://www.ebay.com/itm/Set-of-Iron-Grip-Olympic-Urethane-Weight-Plates-605-Lb-SHIPPING-NOT-INCLUDED/301920922971?hash=item464be3ad5b:g:dlcAAOSwL1dctnGL
"CAP Barbell 50 lbs Olympic 2"" Grip Plate Weight Set (4 x 10, 2 x 5 LB Plates) ",$134.97,$17.99,$152.96,https://www.ebay.com/itm/CAP-Barbell-50-lbs-Olympic-2-Grip-Plate-Weight-Set-4-x-10-2-x-5-LB-Plates/174343395647?hash=item2897ad193f:g:OrEAAOSw8TlfBv20
Not 300 lb Weight Set but ETHOS 205 lb. Olympic Rubber Bumper Plate Set,$699.00,$439.00,$1138.0,https://www.ebay.com/itm/Not-300-lb-Weight-Set-but-ETHOS-205-lb-Olympic-Rubber-Bumper-Plate-Set/193562553261?hash=item2d113a2bad:g:WP0AAOSwpUlfB2te
NEW! ETHOS 205 lb. Olympic Rubber Bumper Plate Weight Set - Ready to ship ,$850.00,$285.00,$1135.0,https://www.ebay.com/itm/NEW-ETHOS-205-lb-Olympic-Rubber-Bumper-Plate-Weight-Set-Ready-to-ship/303610466284?hash=item46b0980fec:g:AEQAAOSwGope-4sB
Xmark Olympic Weight Plates Set,$999.99,$250.00,$1249.99,https://www.ebay.com/itm/Xmark-Olympic-Weight-Plates-Set/193510259325?hash=item2d0e1c3a7d:g:lO4AAOSwhele4WqE
2 10Lb Weider Olympic Plates Set 20 Lbs Total Weight Barbell 2‚Äù Hole,$65.00,FREE,$65.0,https://www.ebay.com/itm/2-10Lb-Weider-Olympic-Plates-Set-20-Lbs-Total-Weight-Barbell-2-Hole/184357468139?hash=item2aec8fb7eb:g:s4kAAOSwAClfBLx6
New Cap 110 Lb Olympic Weight Set Weights Included,$343.99,"Calculate
Varies based on location and shipping method",$343.99,https://www.ebay.com/itm/New-Cap-110-Lb-Olympic-Weight-Set-Weights-Included/392835444826?_trkparms=ispr%3D1&hash=item5b76d1305a:g:K3sAAOSw8Xpe4oU4&enc=AQAFAAACcBaobrjLl8XobRIiIML1V4Imu%2Fn%2BzU5L90Z278x5ickkyMJZWL%2BqFSgQ3TOOe%2FNr7qFcqupi4zVpRDf%2B1BZnV2GE7Ao17nn9Lv17a23fKCozX4b1cUvcavPGsFctpJKYj1gmvl%2B1GSyQ6PjztSoPZuHpzBs1eH2VhrIVy%2BJd2dT9BpTgdx9Bh0lKgWjbbRQUB89hjDuAn2AYZcTBYgFTsTtCfWqsw8Bsady5Z2ghjouOvWRvibTGqmPyFcAoh9EqbPfUCP%2FDt3MKQDvOvq2YHc%2FDJuJ%2Bu%2BxcgW97i1ZeoeH%2BvZkopLJxhsTzO6wc7B1z%2FIstj1Hzd0aMXByTFFtuX9xtEkZoERJpdvMCNfx%2BZjQEx0c9gC%2Bkoine47F8Pi3dlHbE3rXPkdKLr6LSANBa0LJTrIZBjMl0nk%2FZ3QXAQuMKw4pZVZpERZWfOdX%2F9%2Fgbciay%2F20UfdsrdHVtMzOSX3FbUlczRNfn%2BbgZr0Pi33dBwESMyed%2Bv2eM7Gh5lU5bL9L57BUlWuGqoj8NjWzCiAMpEasV9%2FQum%2B7%2FtzdIjKz36RjvBn6DWmqHlQVKksLoW1OttzvKOdYE6BxaqRS3zrbPQ2X1THTvHM8jmW%2BXQJg000A%2BJOCTxfvaoio67tRfU7Zc7%2FRbjFhVuRENrfJG7XA5KYXTlRxk%2FrElTceB3G1wRC2MWGt1P%2B8ST0aNsTIzVs9Qlk5Qzdg9oPQchpwbys9zHqb2qzbH6E1iDZmGXetRqstBPyftoWD1CK3QO8IOJYUP2GYKeFGF6LAYAE01k1QOtSVAz%2BVPFIxwgwbhMhI%2Fny%2Fcktjk9aTE%2BAfjmTpTUw%3D%3D&checksum=3928354448265036478980d84eeeb0d6dc68235d53f0
NEW CAP 50LB Olympic Weight Plate Set (2) 25LB Plates Cast Iron 2 Inch ,$179.00,FREE,$179.0,https://www.ebay.com/itm/NEW-CAP-50LB-Olympic-Weight-Plate-Set-2-25LB-Plates-Cast-Iron-2-Inch/402315415535?_trkparms=ispr%3D1&hash=item5dabde0fef:g:5vwAAOSwFIJe~7du&enc=AQAFAAACcBaobrjLl8XobRIiIML1V4Imu%2Fn%2BzU5L90Z278x5ickkTboA95HSvGa1O5UmCCGJLgaCMnVeL3tWSb9xm5Sk6KI9NtAd6gPFFQ3TEjn3YFbqCeExMH%2FPavx81neJ4UktFjSzQTmiLVphBIA4EyVbYDcq5AxPNGOU%2F%2F7ZQQ1Q1FYDUnTqKTFcoTyieH3WL%2Be6zkK5EaX2ynRD5wet3e%2FJKjtcHkQqfTCGjL4EUucVnZmr31sFxnn0sK7oFRbshLGLx0iCaS%2FsKI981gvmP00BB9tuxMGzLiBXDoojXKNn1KOb%2BYPmVlHXWWOuHVqFlxOlN70Zgb%2BtsbC%2BxqP8sh1xnozY%2BveJMa0p3cZrHnPHhbrzOikcpAMB5dLy8V1PFsYxZXm9Rr1pkqyrOvumytEQzI96M2BlgCg8sLbWngQ%2F%2FUL%2F9Q0QOlxDpKF%2FooprA5cZJIw%2B3wTyQUZtTRZHauQNjtfeFSXynyCOiCyuKhg16tz%2F3Auauh5p%2FK%2FjfdVzE30GUXbiLd6aCAR8yB9ewRHHd1gf0F%2FNBT99tBM0fGP%2BD%2FQmMQB0f9NrY92ezbmMP9FaNpfUTTupN5lWGELDFGpfOuzSf7rVuyFcVmOCNIyG2ttqCz0U5Q%2FFDwfcVvHD7LrlbuLl273CyWHrYOGa8E8NBt%2Bh%2BSxnZb457J2DgBOocJpvAiP5IrNEbiPECD%2B62xxKIRvS%2BkykQfsdCfzbYbBa4uYjx0C2kuzhSDeJzt7B4r7G7S%2FXCNB0%2Ff2vnZhdD9UAmgfcvnqe%2BrZBsK157%2F4U1IiTy3gCYAdJrF0WoKnNG8jHln%2BBiyN57XIO99533aLZrw%3D%3D&checksum=4023154155355036478980d84eeeb0d6dc68235d53f0
"25 Lb Olympic 2"" Weight Plates Set of 2 50lbs Total- Brand New Excellent Quality",$146.95,"FAST 'N FREE



				Guaranteed by Tue. Jul. 14 | 

 See details",$146.95,https://www.ebay.com/itm/25-Lb-Olympic-2-Weight-Plates-Set-of-2-50lbs-Total-Brand-New-Excellent-Quality/133449655977?hash=item1f123826a9:g:vlUAAOSw3iRe9qgw:sc:USPSPriority!20120!US!-1
"New! 255lb Olympic Weight Set, 2 of each: 45, 35, 25, 10, 2.5 & 4 5lbs Plates",$799.99,$249.99,$1049.98,https://www.ebay.com/itm/New-255lb-Olympic-Weight-Set-2-of-each-45-35-25-10-2-5-4-5lbs-Plates/153996127881?_trkparms=ispr%3D1&hash=item23dae26e89:g:lQIAAOSw~6Be5xCv&enc=AQAFAAACcBaobrjLl8XobRIiIML1V4Imu%2Fn%2BzU5L90Z278x5ickkxGz2ccqatkEnoeekHqhLkXdwO2xl6Xg0CkBbGgqf3TkIEk4Hf0yoH%2Bn3ZZQNZzeJ3OzboyKH6t4dqh29SQ8lzDf5cMXP6Y3f4WuKk0WV%2FKr31gxyMCg63GwYp2Fp9b1wahFqyCW7Sq0A3R8er7nl1ZgQTm6GhfK%2Bh0nGBCsB87vm71VB8ZKLO1ludVGiCCV7VTKxC2MRhjs6WUVxOOgI%2Fn24yhC6TM68c9gN8jo3lSno%2FH9ogTd12eN%2Bhz5dmrnXEgQjxKTorYRmgn3QRqnFi%2BIUjLKAmVW2j7lH7EVB8tsHKrsMHMqu1gNPkrH6%2FIX7I23b9IRgLdpKNqWo2fIkMO%2BgUEOaoOJo93kR8OuQGQW3wW102wN9UKEkd91Pu%2FmseUtYusRPJU1DwgA5ByYioRxmniiunvKUfDIKizIuWlk3uSyhg5ar0tcUFdeRLNIfxwvnoo6b4ZHngr%2BvAWPhnRHrqJlEHxRa6mixEDQmTh7e0F5vmocP9FumjFwkZCoH8mbT1tIOYq%2FztNsk8qyGOXu%2BqpwX4mD1bPafTSbLgfulb8ak5mW1EuVMAsvYQDUJBD0QdzvYCt%2B%2BYRiirWWhAJnnRARIPuq4TLDQx1SvLIYYcoqGc3Mi%2BMjr527l6aOgTFNkyeBoeq07df0vH%2B0b7HdpkaSTI91Hq%2Bl4WxKvbXkTgB40PLFz9RsAUZX9y1FDG11CTw5oolhi1sjQCHgFNLK1CbQu3zhsh8rZWYpCSA2Ga10VyIWWLcEKQxkZLE7oKXEt271ahO7xQHtd4Acazw%3D%3D&checksum=1539961278816f3b4f07c15e4315a8f46f794da808c8
Fitness Gear 300lbs Olympic Weight Set 7ft Barbell w/ clamps SHIPS FAST BUY NOW ,$539.99,$294.99,$834.98,https://www.ebay.com/itm/Fitness-Gear-300lbs-Olympic-Weight-Set-7ft-Barbell-w-clamps-SHIPS-FAST-BUY-NOW/224043600448?epid=0&hash=item342a0a0a40:g:CMwAAOSwdeNe2TC1
35 LB Olympic 2'' Barbell Weight Plates Set of 2 Weights 70lbs Total New CAP,$219.00,FREE,$219.0,https://www.ebay.com/itm/35-LB-Olympic-2-Barbell-Weight-Plates-Set-of-2-Weights-70lbs-Total-New-CAP/363043942548?hash=item54871af094:g:0tMAAOSwUzpfB3WH
CAP 50 LB Olympic Plate Weight Set (2) 25 lb Olympic Plates FAST SHIPPING!!!,$95.00,"Calculate
Varies based on location and shipping method",$95.0,https://www.ebay.com/itm/CAP-50-LB-Olympic-Plate-Weight-Set-2-25-lb-Olympic-Plates-FAST-SHIPPING/114262304704?hash=item1a9a9067c0:g:CBoAAOSwMq5e0C7R
"Olympic Weight Plate Set. 40 lb total. WEIDER 2"" GRIP PLATE- PROMPT SHIPPING",$160.00,FREE,$160.0,https://www.ebay.com/itm/Olympic-Weight-Plate-Set-40-lb-total-WEIDER-2-GRIP-PLATE-PROMPT-SHIPPING/193560398874?hash=item2d11194c1a:g:52UAAOSwKThe8Tko
35 Lb Olympic weight Set,$78.00,$20.05,$98.05,https://www.ebay.com/itm/35-Lb-Olympic-weight-Set/143650451030?hash=item21723bee56:g:i1AAAOSwFIJfAkry
"NEW Set of 2 Fitness Gear 45 lb 2"" Olympic Weight Plates (90 lb total) Cast Iron",$234.99,$34.50,$269.49,https://www.ebay.com/itm/NEW-Set-of-2-Fitness-Gear-45-lb-2-Olympic-Weight-Plates-90-lb-total-Cast-Iron/324222102281?hash=item4b7d24ab09:g:0SIAAOSw8Lhe3Vml
Set of Four CAP 10 LB Olympic Plate Weights *NEW*,$114.99,"FAST 'N FREE



				Guaranteed by Wed. Jul. 15 | 

 See details",$114.99,https://www.ebay.com/itm/Set-of-Four-CAP-10-LB-Olympic-Plate-Weights-NEW/353131161572?epid=2254339465&hash=item523841e7e4:g:licAAOSwtVpe4BQx
5lb Olympic Weight Plates Set 20 Lbs Total-Barbell 2‚Äù Brand New Excellent!,$76.94,"FAST 'N FREE



				Guaranteed by Tue. Jul. 14 | 

 See details",$76.94,https://www.ebay.com/itm/5lb-Olympic-Weight-Plates-Set-20-Lbs-Total-Barbell-2-Brand-New-Excellent/133449660263?hash=item1f12383767:g:JqYAAOSwlIVe9qqA:sc:USPSPriority!20120!US!-1
ETHOS 205 lb. Olympic Rubber Bumper Plate Weight Set - Ready to ship,$799.99,$249.99,$1049.98,https://www.ebay.com/itm/ETHOS-205-lb-Olympic-Rubber-Bumper-Plate-Weight-Set-Ready-to-ship/233624836960?epid=2256084483&hash=item3665201b60:g:ok0AAOSwZcJen1v9
"5 lb, 10 lb Olympic 2‚Äù Weight Plate Set Fitness Gear NEW IN STOCK READY TO SHIP!",$119.99,"Calculate
Varies based on location and shipping method",$119.99,https://www.ebay.com/itm/5-lb-10-lb-Olympic-2-Weight-Plate-Set-Fitness-Gear-NEW-IN-STOCK-READY-TO-SHIP/143652011716?hash=item217253bec4:g:7uUAAOSw9rpfBSE4
(4) Fitness Gear Olympic Weight 5LB Iron Plates 2 Sets Weight 20 LB Ships Fast!,$79.99,FREE,$79.99,https://www.ebay.com/itm/4-Fitness-Gear-Olympic-Weight-5LB-Iron-Plates-2-Sets-Weight-20-LB-Ships-Fast/203037313177?hash=item2f45f78899:g:JaMAAOSwdzte8-A-
"10 Pound Olympic 2"" Plate Set 2 X 10 lbs Weights Dumbbell 20 Lbs Total CAP",$64.99,"FAST 'N FREE



				Guaranteed by Wed. Jul. 15 | 

 See details",$64.99,https://www.ebay.com/itm/10-Pound-Olympic-2-Plate-Set-2-X-10-lbs-Weights-Dumbbell-20-Lbs-Total-CAP/133456904515?hash=item1f12a6c143:g:vT0AAOSw1elfAKYO
üí™üèºüî•Cap 110 LB Olympic Weight Set Cast Iron Platesüî•üí™üèº,$399.95,FREE,$399.95,https://www.ebay.com/itm/Cap-110-LB-Olympic-Weight-Set-Cast-Iron-Plates/254620928651?hash=item3b48970a8b:g:h~YAAOSwv2le32i0
2 √ó 10lb Weider Olympic Plates Grip Set 20 Lbs Total Weight Barbell 2‚Äù Hole,$63.98,FREE,$63.98,https://www.ebay.com/itm/2-10lb-Weider-Olympic-Plates-Grip-Set-20-Lbs-Total-Weight-Barbell-2-Hole/164282753432?_trkparms=ispr%3D1&hash=item264003e198:g:vFAAAOSwPJZfBpPQ&enc=AQAFAAACcBaobrjLl8XobRIiIML1V4Imu%2Fn%2BzU5L90Z278x5ickkfOCvCjTOBWK8pwriaolq5s%2FtZ%2FOOWxbNZdG3Hls2TgPZN4wHU3FkbXBS9WBav7cqnMbLQCO5vGNlxXVDIoOW61QToyMpZooTKmKd8YpUJCudxWXCCQrfsJaEn8aL0PCKIJMyPiTwvSWEzbaNfCjs2r4tLap0Vu%2BXrNGF5wX4v0pvyPYbYeWiU4ydgxbKvMaDDyEID%2F6cGr3KdVlC0OEhQiJuCHZ0puTkgLhsVyo%2BVl29IWwUetJKggQ%2Fq5BIWAPdG0OQ3IXvzDG%2BVa3gEjOc7NSBlnXr9SRGwMDyCHemta7%2FK%2FaUA54YRaqayibUuS7TP4W9gHFLqDRHwCEz3zWT8bnDmtABODL0SW4F6oxjTxUe2h9AWmDIzc8%2Be9lrYOOc0ufAqrsRixWUYTGsU8iMoIpOD7Spo6kuMnMg326I04QYskiTTXQEOWGcBU8MsqM2R8i8cZ0alIT80NJrAAQFBqXE3yYhK9rycyUPgR%2BYLD5GZ66vp3Rwki4F6CBs%2FwzU5BhtgVMx2Y3g2Z1BaxSXFrV7XjpoY1oGNEcjFcZaQYRPMGcCxEuucwbf2VLueCJIftAXz0m%2BImOjYLTkfQhyu%2FvIXB959DPoyPqjvaUc4pVvvFeYCr%2Fqg6yQeOAUbRFir8eIwotK7W5sD%2BscgHzSVTy9lBaQgHzSeHIgv2UXR2HbsBgK3DzSig2cj8wV6xQ8gLrp4YCW8X7it%2Fz6EQmWdL0ipGXo1AJwhdkea9gF63j0ihKctbUA0tTS1CYsFOJ%2B1ANI7r3ptC1WUlWKmMSaPQ%3D%3D&checksum=1642827534326f3b4f07c15e4315a8f46f794da808c8
"NEW Set Olympic Weight Plate 10lb, 5lb, 2.5lb- Total 45lb (8 plates)- Cast Iron",$202.00,"FAST 'N FREE



				Guaranteed by Wed. Jul. 15 | 

 See details",$202.0,https://www.ebay.com/itm/NEW-Set-Olympic-Weight-Plate-10lb-5lb-2-5lb-Total-45lb-8-plates-Cast-Iron/283941891299?hash=item421c416ce3:g:2-4AAOSwRc9fBgcm
"CAP Olympic Cast Iron Weight Plate Set 2-25 lb 2"" inch (50 pounds total) FS! ",$124.88,"FAST 'N FREE



				Guaranteed by Tue. Jul. 14 | 

 See details",$124.88,https://www.ebay.com/itm/CAP-Olympic-Cast-Iron-Weight-Plate-Set-2-25-lb-2-inch-50-pounds-total-FS/224074113575?hash=item342bdba227:g:rJIAAOSw2z9fB5J9
Gold's Gym  Olympic Grip Weight Plate Set - Pair of 25lbs,$43.00,"Calculate
Varies based on location and shipping method",$43.0,https://www.ebay.com/itm/Golds-Gym-Olympic-Grip-Weight-Plate-Set-Pair-of-25lbs/174339513888?epid=21011371098&hash=item289771de20:g:f3MAAOSw5EVfAlnH
CAP Barbell Olympic 110 lb Weight Set with Plates Collars & Bar Fast Free Ship!,$349.00,FREE,$349.0,https://www.ebay.com/itm/CAP-Barbell-Olympic-110-lb-Weight-Set-with-Plates-Collars-Bar-Fast-Free-Ship/154001270315?hash=item23db30e62b:g:JcoAAOSw2pFe7lkI
CAP 50 Lb Set Of Olympic Weight Plates NEW IN BOX,$61.00,$65.10,$126.1,https://www.ebay.com/itm/CAP-50-Lb-Set-Of-Olympic-Weight-Plates-NEW-IN-BOX/184354808045?hash=item2aec6720ed:g:vccAAOSwX09e3ohs
"Pendlay Metal Olympic Change Weight Plates (1 Pair) .5 KG, 1 KG, 2 KG - 7 KG Set",$49.99,FREE,$49.99,https://www.ebay.com/itm/Pendlay-Metal-Olympic-Change-Weight-Plates-1-Pair-5-KG-1-KG-2-KG-7-KG-Set/402311232345?hash=item5dab9e3b59:g:lr4AAOSwVmJe-mEN
300lb Olympic Weight Set - Ready To Ship - Fitness Gear,$949.99,$324.99,$1274.98,https://www.ebay.com/itm/300lb-Olympic-Weight-Set-Ready-To-Ship-Fitness-Gear/153984678098?_trkparms=ispr%3D1&hash=item23da33b8d2:g:d1QAAOSwKm9e5uKf&enc=AQAFAAACcBaobrjLl8XobRIiIML1V4Imu%2Fn%2BzU5L90Z278x5ickkxGz2ccqatkEnoeekHqhLkbEhrZJE9QBwZprljlt83JifYFn1MfrdNb45S7TSNJVsahOvyjZNrL%2B6uTV%2BOqdKmTcGHeHfPcWTunpfAQW9U0%2BmjBt5NLXgINr4Zkz3%2BIQPtcc%2FSzKR%2BjT3%2Bi8Wv2vWLsj%2FReBeYwcI9dNofBH7g6aZX9MS7Xszma2JjdCITNy%2BtpE0N0BubNfUpq1Unhy44aJAVYwEk8DvloXU4FecvG46JuK50ffR8sqQ7VTLmfQhG5%2BmrXjM%2BssDrN84nhvmNhkFZ7CU30neODxHpA%2FS1d6%2F12Mk79Y%2B3Fwa3e4BJZOIYK1Tkkw5Yhj4ppfldEIYBdYTMQ18f3tea2vfNbMcYIgdfqvwINmEk4LfGpflY%2F2jQJfad%2BktNDjKMHvWBmL8qq6s1gno8hlhLq%2FpHYTJjpReNOuxhko67nt%2BP3IaV2lHHVEVeu3O6SGZOaQ6%2Bbnbxv%2FgJtR7N1JH7fQnkd0O1eA9XrYwLtmyTlaPgJTKf%2FMAkNSNoGKktCIgaFTPV6DeR8TaZ3%2Bp9AimYN%2Bcp7OLxXH%2BLbh3X93npM%2BIl9rV02GSQZ2T1fw%2FG4kY%2BvJDLFubxwytdJbmZijDAugDKEo8HuU5lgAAOpFowtGVI8A91%2Bvjxnb20KEihLVNTHAxf6tMt8XjBh3AyzeC%2FiiuzNFpO81uWNyz5pNMScHDSQfF8zdAF%2Bfzpt1M4BXvgQmQvUszbRyjhN2bQN%2F%2BseMYSDBRmy%2FEm5dR8C%2BWeR018%2BfNztCp%2BupduuOc80JDuGRQCPXq2A%3D%3D&checksum=1539846780986f3b4f07c15e4315a8f46f794da808c8
"New CAP 50LB Olympic Weight Plate Set (2) 25LB Plates Cast Iron 2INCH, FAST SHIP",$159.99,"FAST 'N FREE



				Guaranteed by Wed. Jul. 15 | 

 See details",$159.99,https://www.ebay.com/itm/New-CAP-50LB-Olympic-Weight-Plate-Set-2-25LB-Plates-Cast-Iron-2INCH-FAST-SHIP/383619185654?_trkparms=ispr%3D1&hash=item59517c3bf6:g:o2cAAOSwI9le541U&enc=AQAFAAACcBaobrjLl8XobRIiIML1V4Imu%2Fn%2BzU5L90Z278x5ickkxFtV7J5P58ubuVigtBH%2Fex%2FafMNypr85DMZwDU%2BHzqz4tJIdYKksfTCy1OLCgjRGnohft9oDLBcdKnN093txqKrRHgKaRG00lOdCcaVTU8q%2FMr3Iuhi5BrSDyf8%2FUUk%2BCa%2FWxi5WHKaS6BVRq3Jcz0rYR1FpnfPZ%2BxjjUDcN%2BwI%2FRRHL9RHAGumz11t%2Fo2eHLoSLfceT8dtfWCfYgO4tZbfwI%2Fnz87Be07vmy0uf0%2BjmyfmMffUk%2BjrwJWJFYI3%2F2ruvL6GLzsZXRhiDMcvqauWnqx80T%2FjwU%2Flg%2Bt2hN3wr%2B%2BL6GpY1xG%2FzjIVz4IPUQV1Irk9Le0GKaoV7%2F8yKg22f7ed2400wEZg86D5w8DoQv0cdALL%2B3QBAJFS1YrfkLU4uyhQaD%2FuYn%2F5ksqck1IwllCCzprHIHp2ETcwnG3y%2FZliTnDWZnkmw%2FpUd%2FKMymh7iKeLIxjHb0yhYb42D9k8qx1%2BkYnm26%2BaawNq3ocCbV6tskoTQhaOAIlllNKQS%2FSHR6xd85KANxQy%2Bw4%2Fw42mGaeIL0pwKPJ4%2FCzXtqgtK5qbh5wTUHRZ5Y3r0WagKKl8J%2Bf6DOPZ9K6WJP1%2FT8OZA4TzZhI4dPeywisXbth2wUwX8LRHxcS3gpwa4xs2y%2FB%2FVlNKVtbtbewF%2F3bzVJbLJmOpxyDHL6C%2FW2lDQv9eO70dqcnrvEEgi6bwy9HY6IukIpYbUpwr6JcZT76lhgeZVOIxk%2Bj5tAwzbePeJ3KFEw2blBrYqidBtAjE03MJqjMIn3hK9u9nGw5w8Ezu14g%3D%3D&checksum=3836191856546f3b4f07c15e4315a8f46f794da808c8
50 LB Weight Set|6 Plates|CAP OLYMPIC|TOTAL 50 LBS,$200.00,FREE,$200.0,https://www.ebay.com/itm/50-LB-Weight-Set-6-Plates-CAP-OLYMPIC-TOTAL-50-LBS/274387686057?_trkparms=ispr%3D1&hash=item3fe2c7d2a9:g:ePEAAOSwoTJer7PW&enc=AQAFAAACcBaobrjLl8XobRIiIML1V4Imu%2Fn%2BzU5L90Z278x5ickkY3FSd4Ad8xn3oRtkVexxrE5lFOTaE5zKQFNm%2BNjHDFScbIuFtotAggso8loz0tumGcidJt4TXieAl1hHUkPtDks4kLvuD5PMx9vjIkHIgfqeLcHVSKGSh8O%2BOmed2fWQaBdqfyMkpS4HfxZaUna4hxfMZEXep%2F61AB2y5KLkfLf%2B8%2F7cS3XwqxKuTtF09N%2Fvm3pZDpNLokJU3NqEE4SLtP8DBJFT5zCU0ducPKEGOSOdjnREMd1OjQH6pi0zEEFexGSsa12UOGTWfQYKnAEpjjnleyu5tfryXgQGUHKhGFeXx64qiXUcOApP55OhkBs91dazgd1wB5KKFF0xs%2BSlG1Urgt0d1jvWqyXJBJOxn7G0jRwty%2FaXtQWF%2BLP2cIfSlK3nNS5XLUpOqbiYQQniz7QDH4O6%2BUs7TuTNAsb8e1njidHqtU9%2FnD2%2Fc3Te79iKx%2BijHw4AIN7ILWx%2FlVqsHEKUm5%2F1tvBvo91FezxKHenhALgo19LwXHP%2B7Fx5oQoJzJCfjYoR4jkRXU1NjX1yWNyIjjW9CCZ9RKPiKv6WJm2JaVwKsDD2G9RSWvA9JZ%2FDFpa5KAp%2B8B%2BFtMajk2SU3c%2BLtJ4hUUZ2DJkzpNKmt04QZ%2BVu67opZzBxlVmi6%2Fqn6aRhTbNWN6hizwxcUUlVkC0UNvZrSh8si02xbwQRw81AhF10%2F8VoHsVq2Efkwe9aIzlVBgOb3N1r5oKCKEz5may69izIh55wTJGWQkLm60EaY814mWsPokDfxxr%2BdfZHDB1CSzQQYpFFDxpP7EhX5g%3D%3D&checksum=2743876860576f3b4f07c15e4315a8f46f794da808c8
"Weider 10 lb Set 40lbs Total Barbell Olympic Weight Plates 2"" 10lb x 4 plates",$100.00,$20.00,$120.0,https://www.ebay.com/itm/Weider-10-lb-Set-40lbs-Total-Barbell-Olympic-Weight-Plates-2-10lb-x-4-plates/233638580187?hash=item3665f1cfdb:g:0ycAAOSwUpxe~mYb
CAP 50 Lb Set Of Olympic Weight Plates NEW IN BOX,$66.00,$65.10,$131.1,https://www.ebay.com/itm/CAP-50-Lb-Set-Of-Olympic-Weight-Plates-NEW-IN-BOX/184354808647?hash=item2aec672347:g:XwMAAOSwX2xe3oqb
45lb Olympic Weight Plates Set Pair- 90lb Total- Brand New- Excellent Quality ,$156.95,"Calculate
Varies based on location and shipping method",$156.95,https://www.ebay.com/itm/45lb-Olympic-Weight-Plates-Set-Pair-90lb-Total-Brand-New-Excellent-Quality/133425573293?hash=item1f10c8adad:g:oMYAAOSwR3le06La
Cap Barbell Olympic Weight Set 110 lbs Pounds BRAND NEW SHIPPING NOW FAST,$299.00,"Calculate
Varies based on location and shipping method",$299.0,https://www.ebay.com/itm/Cap-Barbell-Olympic-Weight-Set-110-lbs-Pounds-BRAND-NEW-SHIPPING-NOW-FAST/174343657358?hash=item2897b1178e:g:9swAAOSwBf1fB0tK
300 lb. Fitness Gear Olympic Weight Set With Clamps Brand New Sealed,$999.00,FREE,$999.0,https://www.ebay.com/itm/300-lb-Fitness-Gear-Olympic-Weight-Set-With-Clamps-Brand-New-Sealed/264775130099?epid=12037804621&hash=item3da5d3dbf3:g:os4AAOSw3Ate9Ais
Set of 2 x 45lb Olympic Rubber Bumper Plates Pair Ethos Barbell Weights,$398.00,$100.00,$498.0,https://www.ebay.com/itm/Set-of-2-x-45lb-Olympic-Rubber-Bumper-Plates-Pair-Ethos-Barbell-Weights/143651965455?hash=item2172530a0f:g:u~EAAOSw6dle-vbt
"10 Lb Weider Olympic 2"" Weight Plates Set of Four (4) 40 Lbs Pounds - Hammertone",$149.95,FREE,$149.95,https://www.ebay.com/itm/10-Lb-Weider-Olympic-2-Weight-Plates-Set-of-Four-4-40-Lbs-Pounds-Hammertone/324221368468?hash=item4b7d197894:g:x5YAAOSw0itfBbq~
üî•CAP 2 25 Pounds lbs 2‚Äô‚Äô Olympic Weight Plate Set Barbell Weights 50 lbs Total,$129.50,"FAST 'N FREE



				Guaranteed by Tue. Jul. 14 | 

 See details",$129.5,https://www.ebay.com/itm/CAP-2-25-Pounds-lbs-2-Olympic-Weight-Plate-Set-Barbell-Weights-50-lbs-Total/164251996605?hash=item263e2e91bd:g:1ZoAAOSwzGZe6DPr
"CAP Pair Set 5LB Olympic Cast Iron 2"" Weight Plates (10LB Total) 5 Lb",$44.99,FREE,$44.99,https://www.ebay.com/itm/CAP-Pair-Set-5LB-Olympic-Cast-Iron-2-Weight-Plates-10LB-Total-5-Lb/293642127116?hash=item445e6f470c:g:1k8AAOSwubtfByTd
Xmark Rubber Coated 300 lb Olympic Weight Set With 7‚Äô Bar - New,"$1,025.00",$300.00,$1325.0,https://www.ebay.com/itm/Xmark-Rubber-Coated-300-lb-Olympic-Weight-Set-With-7-Bar-New/143638085288?hash=item21717f3ea8:g:vZQAAOSwhl1ew2Lo
"4 X 10 lb Pound Grip Barbell Weights Plates CAP 2"" Olympic Pair Lifting New Set",$165.00,"FAST 'N FREE



				Guaranteed by Wed. Jul. 15 | 

 See details",$165.0,https://www.ebay.com/itm/4-X-10-lb-Pound-Grip-Barbell-Weights-Plates-CAP-2-Olympic-Pair-Lifting-New-Set/224074066463?hash=item342bdaea1f:g:g8sAAOSwOPVeo6Wn
"Brand New 25 lb Olympic Weight Plates Fitness Gear (Set of 2, 50 lbs Total)",$175.00,FREE,$175.0,https://www.ebay.com/itm/Brand-New-25-lb-Olympic-Weight-Plates-Fitness-Gear-Set-of-2-50-lbs-Total/373109568176?hash=item56df1032b0:g:NYcAAOSws8de~hct
XMark Black Diamond 300 lb Olympic Weight Set With 7‚Äô Bar - High Quality - New,"$1,075.00",$300.00,$1375.0,https://www.ebay.com/itm/XMark-Black-Diamond-300-lb-Olympic-Weight-Set-With-7-Bar-High-Quality-New/143636883488?hash=item21716ce820:g:R7EAAOSwMmpe1xUz
300 lb Olympic Weight Set with 45 Pound Barbell  üèãÔ∏èüí™ - BRAND NEW!!,$900.00,$250.00,$1150.0,https://www.ebay.com/itm/300-lb-Olympic-Weight-Set-with-45-Pound-Barbell-BRAND-NEW/193550877457?_trkparms=ispr%3D1&hash=item2d10880311:g:vy0AAOSwaKFe~2Qg&enc=AQAFAAACcBaobrjLl8XobRIiIML1V4Imu%2Fn%2BzU5L90Z278x5ickkfKe2vUidqHRg3XM2X2xOVBNQ%2FWEarNG4xo3VqOxqOmyKJRl60Q95YVZbYg9MsT5MxrbvYvoV6VQNLic6l9jmKtUmyDu0WojSVApuf6HaMVWchZpW2giePAMhCYImCAAKQptv57eCMrDTMgMtT5pkcbOANTZqLQZOhXVkRyOanxe8EUMpt4iajMG5dZUstE%2Byt3BhhP%2FUMHOIWZreSzQzkz2A2x%2BekiCU4CwQ%2BaqJRSxN3dLYUnYXUrsaPBYkgVVuz0cL0QcNHtxyeRfbXpE6JbUn0frUFpPFS%2FaD7qYsjtffsXJrrMOLYIwPzI%2B7YabskR9IIiWX3M3%2B86I3ht9Y29eygYJOoDX1LhoSYdr5dSRh0JQ%2B8GPPSN49G0dVcUun1l2ZMXyTUlvPApgWlyDa7DGEI%2FJpQvqaKtMRi5Fdv4vawLAAOPRI%2B6bMkSvcrMDgSUdY3ahzxzN9EET%2Bi3UPat2BLiWy4m337%2FHL3Xm4lAEK2JPMARzOkrmkjQ7fRlidqY0hwYSBc6sfTzeMHxy5AezsWBap2zIZQiOiKCnfATxzjQyg8T%2FIxb1fp39nAJx6n2%2FYxUEaKxrcFCo6yzMUYsbz%2BnIdLqFFiklzgOxPx0a9zcJ8p0qkUi5nRnScP%2FOG0gHFaZn9R%2FvWDxKExkuI6gz7HQovwbk%2BnXy%2B8ckUao4C9f1eTcCnfB2akZKFHZ5aXOQXbzae2%2Fwc5mQR7ZYqr%2Bq6m71T2T598DA5e0dhfZ1SwBbQ4UhVoD5BlKJeZNAFpMJvqoC61ao4gcyFLWj8cQ%3D%3D&checksum=1935508774576f3b4f07c15e4315a8f46f794da808c8
Olympic Weight Vulcan Strength Steel Calibrated Weight Set 15kg Pair Brand New¬†,$300.00,"Calculate
Varies based on location and shipping method",$300.0,https://www.ebay.com/itm/Olympic-Weight-Vulcan-Strength-Steel-Calibrated-Weight-Set-15kg-Pair-Brand-New/313124806586?_trkparms=ispr%3D1&hash=item48e7b15fba:g:dO8AAOSw7P1e8o~V&enc=AQAFAAACcBaobrjLl8XobRIiIML1V4Imu%2Fn%2BzU5L90Z278x5ickkRjLZq23gAR%2BKma9gM2Z1hllvoZFIQY5Mpylof4AlsEYggFxazpA3abeQBvho9FYQsSTCjlCIFo0qr%2FCeRPfpgXr9WRo5YMZ5Y%2BN758tL%2BGrpZqy7%2BBg36v9pDHnqeBnFRuMfmxTQuEhqY9nXCfLCBeDMTlD0m0HVvD%2BcqdMqEChV8ufbg%2BW5EuktL002d89rnjxDfH7mUnBRktnxP%2FWZ79xjA0AIYb7gr0RWxfRfAJKxHv8Ps4SmekvNGBaOBkzkF5ckVZp6eyObViWWiChy59Erhau0j2%2BIcSTSe1wFQUd9hcw3DxNDiIM8RO1gyGOY744j7RHQeVJiBj2nOjpD%2FP8kz0swP6mzf4RgvdEJwPWa6QKle2NR%2FFKoUy2XtuUWaCf%2BqZuhpnvd4JXt8dXhTmlSjBqoOdGUcY4COr%2FRQxXiBW4ll8ob6ZmiPDgnDWI2%2Fabh5WaUmVckJwZsgIFc%2BhSw2KL6NJCDMIS4HSMichGn1htztv%2BEVuW5oF2BanPTFTX7KbRwwo88ewu9LM6kVvBLEe0NGfk1zgagzgePVHixf3o4K9KnaIJ%2FYjt873r040NZ0APmRFK%2FRV%2BIyITyz2m5telSUdT%2B9mQDrNdT5qR981FtsttQXsgQKBHRzmRBNXt1Ht%2BjOCsYW6WRLjzsUmlXoNAwQ2ZWiUOzGlbi1Z4XsbfbC%2FapmXk3WDa%2Bl5Q1DiBjb8lRTaL5W%2Bl%2BNwkXJql6MfMPu82hNl3G20XLPDJC%2FhFGlallSvA1MugXe2wrUvjFJM6JYoOsq%2Bnqgqq5mQ%3D%3D&checksum=3131248065866f3b4f07c15e4315a8f46f794da808c8
New 5 Lb CAP Olympic weight Plates Set Of 2 (10 Lbs Total Weight) 2‚Äù Hole,$40.00,"FAST 'N FREE



				Guaranteed by Wed. Jul. 15 | 

 See details",$40.0,https://www.ebay.com/itm/New-5-Lb-CAP-Olympic-weight-Plates-Set-Of-2-10-Lbs-Total-Weight-2-Hole/124254279661?hash=item1cee21d7ed:g:zicAAOSwkJJfB37B
Set of Iron Grip Olympic Urethane Weight Plates - 655 Lb - SHIPPING NOT INCLUDED,"$2,299.98","Freight - Read the item description or contact the seller for details

 | 

 See details",$2299.98,https://www.ebay.com/itm/Set-of-Iron-Grip-Olympic-Urethane-Weight-Plates-655-Lb-SHIPPING-NOT-INCLUDED/301723996733?hash=item464026d23d:g:aPIAAOSw4ytezAQw
New CAP 50 Lb Olympic Weight Set Pair (4) 10 Lb Plates (2) 5 Lb Plates Cast Iron,$95.00,"Calculate
Varies based on location and shipping method",$95.0,https://www.ebay.com/itm/New-CAP-50-Lb-Olympic-Weight-Set-Pair-4-10-Lb-Plates-2-5-Lb-Plates-Cast-Iron/114262305971?hash=item1a9a906cb3:g:~7QAAOSwb9Reztni
300 lb Olympic Weight Set with 7 foot Bar Weider Local Pick Up And Shipping,$650.00,$300.00,$950.0,https://www.ebay.com/itm/300-lb-Olympic-Weight-Set-with-7-foot-Bar-Weider-Local-Pick-Up-And-Shipping/114291136548?hash=item1a9c485824:g:4yIAAOSwwFlfAl6-
CAP 110 LB Olympic Weight Set Similar to Golds Gym Cast Iron Plates üí™ Fast Ship,$218.88,"Calculate
Varies based on location and shipping method",$218.88,https://www.ebay.com/itm/CAP-110-LB-Olympic-Weight-Set-Similar-to-Golds-Gym-Cast-Iron-Plates-Fast-Ship/164231737441?hash=item263cf97061:g:E9IAAOSwT9Je2Q8f
NEW Set of 2 x 25lb Olympic Rubber Bumper Weight Plates (50 lbs total),$249.90,"Calculate
Varies based on location and shipping method",$249.9,https://www.ebay.com/itm/NEW-Set-of-2-x-25lb-Olympic-Rubber-Bumper-Weight-Plates-50-lbs-total/143639516721?hash=item2171951631:g:47oAAOSw6nhe8v-L
Not 300 lb Weight Set but ETHOS 205 lb. Olympic Rubber Bumper Plate Set,$800.00,$250.00,$1050.0,https://www.ebay.com/itm/Not-300-lb-Weight-Set-but-ETHOS-205-lb-Olympic-Rubber-Bumper-Plate-Set/153984745581?hash=item23da34c06d:g:UjUAAOSwNp1ephwG
Set of Iron Grip Olympic Urethane Weight Plates - 605 Lb - SHIPPING NOT INCLUDED,"$2,099.98","Freight - Read the item description or contact the seller for details

 | 

 See details",$2099.98,https://www.ebay.com/itm/Set-of-Iron-Grip-Olympic-Urethane-Weight-Plates-605-Lb-SHIPPING-NOT-INCLUDED/301920922971?hash=item464be3ad5b:g:dlcAAOSwL1dctnGL
50 lb Olympic Weight Set - (10) 5 lb Olympic Cast Iron Grip Plates - CAP BARBELL,$215.00,FREE,$215.0,https://www.ebay.com/itm/50-lb-Olympic-Weight-Set-10-5-lb-Olympic-Cast-Iron-Grip-Plates-CAP-BARBELL/193557024540?hash=item2d10e5cf1c:g:7AEAAOSwol9fA8Cv
"Set (x2) of 35lb TSA Olympic Weight Plates, 70lbs total, Easy Grip, Iron 2"" hole",$129.00,"Free Local Pickup


 | 

 See details",$129.0,https://www.ebay.com/itm/Set-x2-of-35lb-TSA-Olympic-Weight-Plates-70lbs-total-Easy-Grip-Iron-2-hole/254647279477?hash=item3b4a291f75:g:cskAAOSw7y1fBT5P
CAP Barbell Olympic Weight Set |110 LBS with Plates| IN HAND - FREE SHIPPING,$419.99,FREE,$419.99,https://www.ebay.com/itm/CAP-Barbell-Olympic-Weight-Set-110-LBS-with-Plates-IN-HAND-FREE-SHIPPING/164230462096?hash=item263ce5fa90:g:i5EAAOSw4B9e1~aB
NEW! ETHOS 205 lb. Olympic Rubber Bumper Plate Weight Set - Ready to ship ,$850.00,$285.00,$1135.0,https://www.ebay.com/itm/NEW-ETHOS-205-lb-Olympic-Rubber-Bumper-Plate-Weight-Set-Ready-to-ship/303610466284?hash=item46b0980fec:g:AEQAAOSwGope-4sB
Not 300 lb Weight Set but ETHOS 205 lb. Olympic Rubber Bumper Plate Set,$699.00,$439.00,$1138.0,https://www.ebay.com/itm/Not-300-lb-Weight-Set-but-ETHOS-205-lb-Olympic-Rubber-Bumper-Plate-Set/193562553261?hash=item2d113a2bad:g:WP0AAOSwpUlfB2te
Xmark Olympic Weight Plates Set,$999.99,$250.00,$1249.99,https://www.ebay.com/itm/Xmark-Olympic-Weight-Plates-Set/193510259325?hash=item2d0e1c3a7d:g:lO4AAOSwhele4WqE
2 10Lb Weider Olympic Plates Set 20 Lbs Total Weight Barbell 2‚Äù Hole,$65.00,FREE,$65.0,https://www.ebay.com/itm/2-10Lb-Weider-Olympic-Plates-Set-20-Lbs-Total-Weight-Barbell-2-Hole/184357468139?hash=item2aec8fb7eb:g:s4kAAOSwAClfBLx6
"CAP Barbell With Olympic Weight Set, 110 LBs",$249.99,"Free Local Pickup


 | 

 See details",$249.99,https://www.ebay.com/itm/CAP-Barbell-With-Olympic-Weight-Set-110-LBs/153990302924?hash=item23da898ccc:g:NhcAAOSww2he3FtC
Weider International Olympic Weight Set 2 inch 44lb 33lb 22lb 11lb 220 lbs,$900.00,$400.00,$1300.0,https://www.ebay.com/itm/Weider-International-Olympic-Weight-Set-2-inch-44lb-33lb-22lb-11lb-220-lbs/133439491995?hash=item1f119d0f9b:g:hEwAAOSwnKJe58Er
New Cap 110 Lb Olympic Weight Set Weights Included,$343.99,"Calculate
Varies based on location and shipping method",$343.99,https://www.ebay.com/itm/New-Cap-110-Lb-Olympic-Weight-Set-Weights-Included/392835444826?_trkparms=ispr%3D1&hash=item5b76d1305a:g:K3sAAOSw8Xpe4oU4&enc=AQAFAAACcBaobrjLl8XobRIiIML1V4Imu%2Fn%2BzU5L90Z278x5ickkyMJZWL%2BqFSgQ3TOOe%2FNr7qFcqupi4zVpRDf%2B1BZnV2GE7Ao17nn9Lv17a23fKCozX4b1cUvcavPGsFctpJKYj1gmvl%2B1GSyQ6PjztSoPZuHpzBs1eH2VhrIVy%2BJd2dT9BpTgdx9Bh0lKgWjbbRQUB89hjDuAn2AYZcTBYgFTsTtCfWqsw8Bsady5Z2ghjouOvWRvibTGqmPyFcAoh9EqbPfUCP%2FDt3MKQDvOvq2YHc%2FDJuJ%2Bu%2BxcgW97i1ZeoeH%2BvZkopLJxhsTzO6wc7B1z%2FIstj1Hzd0aMXByTFFtuX9yR09JX8j4h76psH9pcK86ZT2r5S02ExsN7v48ITBNUs7ERypkswzjS%2BmFAPdStJso9%2B6gN%2FYY4WT6z%2F%2BDJJR6uyeLWRVBJZ%2FnOLHSoBUNytPfQ7LrlwhUifUyckAfY6wZjd3X1FD%2FMiDiJHs0dXdOSq7EUtCiYWGsbYTmgaPaY3LI3eK2VPNqZRFRc1MhRle2xLmvyd%2FNNnnJN0y3a4xqNS98Aq3F59p%2F7cbhHoXSKw3OPPHOBTMxl0UHOzX7flHen1B2A7N8Xm4Frqk%2Bchiyk2qy57RANkGRtw5E86O2rzQiWt%2Fpnpo551DxAvH8JwBRJzcfU42jDNjiVOtjSqRNv5U9QfnNk%2B5NUH0%2BjbOdHz2eky9n1rkLCsnptGkvw1YKH3DL51trY79opuYuJyGNEZ2fe8TcAi%2F8BgRkgIJ%2BlRJ3YhdOmfA4jn6quJ0vLf6YM2mj7Bl4dbezEnhKBAPx%2FiWaIzpqxDjeAL4SdQ%2FB9KA%3D%3D&checksum=3928354448266f3b4f07c15e4315a8f46f794da808c8
CAP 35 lbs x2  Olympic Weight Plates (Set) 35 Pound x 2 (70 Total) 2‚Äù Barbell,$219.00,"FAST 'N FREE



				Guaranteed by Tue. Jul. 14 | 

 See details",$219.0,https://www.ebay.com/itm/CAP-35-lbs-x2-Olympic-Weight-Plates-Set-35-Pound-x-2-70-Total-2-Barbell/203043971218?epid=663158793&_trkparms=ispr%3D1&hash=item2f465d2092:g:j0IAAOSws41fAd7P:sc:FedExHomeDelivery!20120!US!-1&enc=AQAFAAACcBaobrjLl8XobRIiIML1V4Imu%2Fn%2BzU5L90Z278x5ickkrmmq8hWevtuKE7%2F%2BLfVXtm6x%2BXSGzk0mhbQTuPotlZRc6Dczm2HrTnGazSJmQ0x99BI%2B%2FETJenfluoEzSlVsHflUJUwd556s6xsL0Js%2FbX6DJZXCCl9C%2FQJFjw85W6Cdqaruvm2rAbiomHUySSpvIewF%2F53hYWY8u7liVbJzhIVMX9H1xT6%2BEh97DiCG4HIAKTOJ%2Fmiih%2Fgae0srQdlDe%2FBaO0eS9T9g23UYz7oZ2ClB%2B%2Bda1qL%2FEpQ%2B8BbgWbrb9BLczh6vtfRPkDdGtpbZ5QRfhZI3ZDlbIOfBiH8by0hB%2B98XbHz7LwOPdjscjgUChK2xpVPF3uaUr0L1HH5Xa2jNVlqSWs0QnIQ8ZyFeQzIaBNRPRj4RZWoF%2FdhHcljyzS5ra6JylJ6sRW5QUfd7PWwOK9vuXm8gbcpD3rJKpD%2FV2wxFHjgwdGvW9NquQAOlLHjWvsZlXakL798mjXRX58rLaGcHivJGQy3W9Fe4M6MzsJz01vQjqFe5qYR0PYZY9W1WxpTumT6CJVZSXJnv00LPQ1XU%2FfxW%2BDMS%2FnXSNxhQnW0uLbLMy0F6dUMPPIi4rPkBiW4I3nhkXBygehCsuOk6dL3peEqVlaVOUQTIXCq2TD9%2FWydCAckAROKnPBpraTPVDSfi9qpE5E1Z%2FrtP50DQfSn1hZjUWw%2F%2BHydPVV8h9npnrpj4lxzV6P80gUQkMNS1bc%2BEwJCr74Vn7hm0q6e%2F7K0jRddzmEFk7fx3%2FPSAsd0ks4%2Bj9Z725qurs%2BeQyGctoGBd9qk3%2Fho88UPcVg%3D%3D&checksum=2030439712186f3b4f07c15e4315a8f46f794da808c8
